Cluster,RA,DEC,GAL_L,GAL_B,R_Sun,DR_Sun,R_GC,DR_GC,Mass,DMass,V_mag,DV_mag,M/L_V,DM/L_V,rc,rh_l,rh_m,rt,rho_c,rho_h_m,RV,ERV,sig0,mualpha,emualpha,mu_delta,emudelta,rhopmrad,sig_c,sig_h_m,Trh,MF,F_REM,vesc,etac,etah,A_Rot,DA_Rot,P_Rot,X,DX,Y,DY,Z,DZ,U,DU,V,DV,W,DW,RPERI,ERPERI,RAPO,ERAPO,[Fe/H],E(B-V),V_HB,V_t,M_V_t,U-B,B-V,V-R,V-I,spt,ellip,v_r,ev_r,v_LSR,sig_v,esig_v,c,coll,r_c,r_h
NGC_104,6.02379,-72.08131,305.895,-44.889,4.52,0.03,7.52,0.01,895000.0,5850.0,4.08,0.06,1.96,0.09,0.79,3.64,6.3,126.8,4.37,2.65,-17.45,0.16,11.9,5.252,0.021,-2.551,0.021,-0.0,4.63,3.65,9.73,-0.83,0.44,47.5,-0.37,-0.04,5.0,0.32,100.0,6.3,0.01,-2.59,0.02,-3.19,0.02,77.52,0.42,170.92,0.39,45.95,0.34,5.47,0.02,7.51,0.0,-0.72,0.04,14.06,3.95,-9.42,0.37,0.88,0.53,1.14,G4,0.09,-18.0,0.1,-26.7,11.0,0.3,2.07,,0.36,3.17
NGC_288,13.1885,-26.58261,151.285,-89.38,8.99,0.09,12.21,0.06,93400.0,2580.0,8.1,0.06,2.16,0.1,3.59,5.83,8.37,94.86,1.8,1.28,-44.45,0.13,3.1,4.164,0.024,-5.705,0.024,0.01,2.76,2.43,9.47,-0.52,0.49,10.8,-0.22,-0.09,0.42,0.32,84.3,8.26,0.0,0.05,0.0,-8.99,0.09,4.47,1.02,-48.52,1.03,50.29,0.13,2.03,0.11,12.34,0.06,-1.32,0.03,15.44,8.09,-6.75,0.08,0.65,0.45,0.94,,,-45.4,0.2,-51.9,2.9,0.3,0.99,,1.35,2.23
NGC_362,15.80942,-70.84878,301.533,-46.247,8.83,0.1,9.62,0.06,284000.0,4240.0,6.48,0.05,1.44,0.05,0.4,2.19,3.79,91.96,4.67,2.8,223.12,0.28,8.6,6.694,0.025,-2.535,0.024,0.0,4.65,3.58,9.16,-0.54,0.55,31.5,-0.26,-0.11,0.51,0.56,53.0,4.98,0.03,-5.2,0.06,-6.38,0.07,93.47,0.96,-98.41,0.83,-67.86,0.73,0.73,0.07,11.86,0.15,-1.26,0.05,15.44,6.4,-8.43,0.16,0.77,0.49,1.01,F9,0.01,223.5,0.5,214.0,6.4,0.3,1.76,c:,0.18,0.82
Whiting_1,30.7375,-3.25278,161.618,-60.636,30.59,1.17,35.15,1.11,1970.0,393.0,14.62,0.09,0.5,0.11,2.45,9.5,15.49,48.59,0.25,-1.19,-130.41,1.79,0.4,-0.228,0.065,-2.046,0.056,0.03,1.06,0.19,9.18,0.01,0.45,1.3,-0.21,-0.03,,,,22.41,0.54,4.73,0.18,-26.66,1.02,-247.27,8.04,28.46,8.59,-8.92,4.5,21.58,1.96,61.96,5.64,-0.7,0.03,18.18,15.03,-2.46,,,,,,,-130.6,1.8,-138.1,,,0.55,,0.25,0.22
NGC_1261,48.06754,-55.21622,270.539,-52.124,16.4,0.19,18.28,0.17,182000.0,2960.0,8.31,0.05,1.63,0.07,0.88,3.25,5.23,140.39,3.78,2.19,71.34,0.21,5.7,1.596,0.025,-2.064,0.025,0.01,4.0,3.11,9.3,-0.64,0.53,21.8,-0.34,-0.12,0.9,0.64,86.9,8.08,0.0,-10.07,0.12,-12.95,0.15,-78.94,1.94,57.67,1.54,68.7,1.2,1.48,0.09,21.09,0.22,-1.27,0.01,16.7,8.29,-7.8,0.13,0.72,0.45,0.93,F7,0.07,68.2,4.6,54.9,,,1.16,,0.35,0.68
Pal_1,53.3335,79.58105,130.065,19.028,11.18,0.32,17.41,0.29,1030.0,204.0,13.95,0.05,2.4,0.48,0.69,1.8,3.56,23.78,1.68,0.46,-75.72,0.29,0.5,-0.252,0.034,0.007,0.037,0.08,1.94,1.21,7.89,-0.16,0.46,1.9,-0.3,-0.1,,,,14.98,0.2,8.09,0.23,3.64,0.11,-63.79,1.53,206.36,1.27,-24.84,1.82,14.71,0.29,19.02,0.41,-0.65,0.15,16.4,13.18,-2.52,,0.96,,,,0.22,-82.8,3.3,-76.2,,,2.57,,0.01,0.46
AM_1,58.75959,-49.61528,258.361,-48.471,118.91,3.4,120.27,3.28,19200.0,3840.0,15.07,0.06,0.81,0.17,6.56,14.91,19.86,266.24,0.22,-0.5,118.0,14.14,0.9,0.291,0.107,-0.177,0.086,-0.22,1.45,1.01,9.63,1.76,0.74,3.3,-0.15,-0.01,,,,24.08,0.45,-77.21,2.2,-89.01,2.54,-18.96,50.26,29.5,44.65,41.43,41.02,21.05,14.41,125.68,4.16,-1.7,0.0,21.0,15.72,-4.73,,0.72,,,,,116.0,20.0,101.3,,,1.36,,0.17,0.41
Eridanus,66.18561,-21.18678,218.106,-41.332,84.68,2.89,89.76,2.78,11600.0,2310.0,15.02,0.05,0.92,0.19,6.83,13.75,17.91,169.17,0.02,-0.62,-23.15,0.73,0.7,0.51,0.039,-0.301,0.041,-0.09,1.25,0.86,9.48,1.08,0.72,2.6,-0.14,-0.01,,,,58.21,1.71,-39.24,1.34,-55.93,1.91,-53.31,13.12,58.62,14.15,140.4,11.69,14.17,4.45,120.26,4.23,-1.43,0.02,20.42,14.7,-5.13,,0.79,,,,,-23.6,2.1,-39.1,,,1.1,,0.25,0.46
Pal_2,71.52462,31.3815,170.53,-9.072,26.17,1.28,34.19,1.25,231000.0,96500.0,12.64,0.07,1.32,0.56,1.63,4.82,8.06,161.79,2.96,1.73,-135.97,1.55,5.1,1.045,0.034,-1.522,0.031,0.04,3.56,2.84,9.67,-0.86,0.27,19.6,-0.36,-0.04,,,,33.67,1.25,4.25,0.21,-4.13,0.2,-109.23,1.79,4.61,3.94,8.22,4.04,1.28,0.51,38.87,1.32,-1.42,1.24,21.6,13.04,-7.97,1.83,2.08,,2.65,,0.05,-133.0,57.0,-140.1,,,1.53,,0.17,0.5
NGC_1851,78.52816,-40.04655,244.513,-35.036,11.95,0.13,16.69,0.11,318000.0,4240.0,7.07,0.06,1.66,0.06,0.08,1.75,2.9,127.09,6.25,3.19,321.4,1.55,11.0,2.145,0.024,-0.65,0.024,-0.02,5.54,3.85,8.95,-0.41,0.56,45.7,-0.41,-0.11,0.45,0.42,71.2,12.39,0.05,-8.83,0.1,-6.86,0.08,82.56,1.39,-67.96,1.47,-82.87,1.42,0.85,0.05,19.93,0.18,-1.18,0.02,16.09,7.14,-8.33,0.17,0.76,0.49,1.01,F7,0.05,320.5,0.6,303.8,10.4,0.5,1.86,,0.09,0.51
NGC_1904,81.04584,-24.52442,227.23,-29.35,13.08,0.18,19.09,0.16,139000.0,10700.0,7.94,0.06,1.39,0.12,0.42,2.51,3.21,65.68,4.49,2.7,205.76,0.2,6.5,2.469,0.025,-1.594,0.025,-0.0,4.44,3.4,8.81,0.32,0.7,26.2,-0.37,-0.07,2.24,0.46,100.0,15.92,0.11,-8.37,0.12,-6.41,0.09,43.97,1.26,-17.01,1.19,5.45,1.35,0.56,0.1,19.48,0.17,-1.6,0.01,16.15,7.73,-7.86,0.06,0.65,0.44,0.91,F5,0.01,205.8,0.4,189.0,5.3,0.4,1.7,c:,0.16,0.65
NGC_2298,102.24754,-36.00531,245.629,-16.006,9.83,0.17,15.07,0.14,55800.0,7520.0,9.06,0.05,1.91,0.26,0.53,2.4,3.31,74.71,3.7,2.27,147.15,0.57,3.9,3.32,0.025,-2.175,0.026,0.01,3.83,2.99,8.65,0.06,0.73,15.7,-0.34,-0.11,,,,12.08,0.07,-8.61,0.15,-2.71,0.05,-79.52,1.12,34.21,0.76,67.49,1.16,1.1,0.11,16.44,0.19,-1.92,0.14,16.11,9.29,-6.31,0.17,0.75,0.54,1.11,F5,0.08,148.9,1.2,132.0,,,1.38,,0.31,0.98
NGC_2419,114.53529,38.88194,180.37,25.241,88.47,2.4,95.93,2.33,971000.0,146000.0,10.56,0.06,1.99,0.31,8.08,19.69,26.5,829.02,1.67,0.8,-21.1,0.31,5.7,0.007,0.028,-0.523,0.026,0.03,2.96,2.43,10.63,-0.37,0.57,20.5,-0.15,0.01,,,,88.2,2.17,-0.52,0.01,37.73,1.03,-7.81,4.93,40.2,11.1,-52.1,10.43,14.64,3.6,96.99,2.61,-2.15,0.08,20.31,10.41,-9.42,0.07,0.66,,1.05,F5,0.03,-20.2,0.5,-25.2,4.0,0.6,1.37,,0.32,0.89
Pyxis,136.9869,-37.2266,261.321,6.992,36.53,0.66,38.61,0.62,24600.0,4100.0,13.2,0.06,1.84,0.31,13.36,17.04,22.83,121.56,-0.33,-0.61,40.46,0.21,1.0,1.03,0.032,0.138,0.035,0.03,1.19,1.0,9.9,-0.58,0.47,3.2,-0.07,-0.06,,,,13.65,0.1,-35.84,0.64,4.45,0.08,-108.45,5.68,215.03,1.18,159.49,5.7,18.38,0.97,95.06,4.23,-1.2,0.21,19.25,12.9,-5.73,,,,,,,34.3,1.9,20.7,,,,,,
NGC_2808,138.01291,-64.86349,282.193,-11.253,10.06,0.11,11.58,0.08,864000.0,6100.0,6.14,0.05,1.51,0.06,0.79,2.45,3.89,165.91,4.56,3.24,103.57,0.27,14.1,0.994,0.024,0.273,0.024,-0.01,4.8,4.04,9.37,-0.59,0.51,54.7,-0.35,-0.08,2.25,0.56,100.0,6.09,0.02,-9.64,0.11,-1.96,0.02,-55.99,1.12,149.25,0.42,30.12,1.11,0.98,0.02,14.61,0.12,-1.14,0.22,16.22,6.2,-9.39,0.28,0.92,0.57,1.18,F7,0.12,101.6,0.7,89.2,13.4,1.2,1.56,,0.25,0.8
E_3,140.23779,-77.28189,292.268,-19.017,7.88,0.25,9.1,0.13,2890.0,532.0,11.85,0.05,1.28,0.24,1.81,4.22,6.14,20.79,1.03,0.17,11.71,0.34,0.6,-2.727,0.027,7.083,0.027,0.0,1.7,1.18,8.56,0.6,0.6,2.3,-0.23,-0.11,,,,5.36,0.09,-6.89,0.22,-2.57,0.08,218.05,0.96,111.48,0.58,97.34,0.97,9.0,0.16,12.1,0.87,-0.83,0.3,16.15,11.35,-4.12,,,,,,,,,,,,0.75,,1.87,2.1
Pal_3,151.38162,0.07167,240.14,41.864,94.84,3.23,98.17,3.13,18900.0,3450.0,14.52,0.05,1.48,0.27,14.31,20.22,27.44,249.68,-0.57,-0.96,94.04,0.8,0.8,0.086,0.06,-0.148,0.071,-0.41,0.97,0.72,9.95,-0.29,0.51,2.5,-0.1,-0.03,,,,43.34,1.2,-61.26,2.09,63.29,2.16,-39.18,26.22,147.56,24.25,62.46,21.64,53.43,12.32,111.75,6.0,-1.63,0.04,20.51,14.26,-5.69,,,,,,,83.4,8.4,75.9,,,0.99,,0.41,0.65
NGC_3201,154.40343,-46.41248,277.229,8.64,4.74,0.04,8.93,0.02,160000.0,3290.0,6.77,0.05,2.16,0.09,1.22,3.8,6.78,77.53,3.25,1.79,493.65,0.21,4.6,8.348,0.022,-1.958,0.022,-0.0,3.66,2.83,9.51,-1.12,18.89,18.4,-0.37,-0.08,0.8,0.41,98.8,7.59,0.01,-4.65,0.04,0.71,0.01,-249.72,0.49,-199.07,0.23,149.16,0.49,8.32,0.02,25.49,0.34,-1.59,0.24,14.76,6.75,-7.45,0.38,0.96,0.62,1.23,F6,0.12,494.0,0.2,482.9,5.0,0.2,1.29,,1.3,3.1
Pal_4,172.31833,28.97337,202.311,71.801,101.39,2.57,104.05,2.47,12900.0,2380.0,14.23,0.05,0.68,0.13,11.38,15.85,21.3,198.06,-0.45,-0.8,72.4,0.24,0.7,-0.188,0.042,-0.476,0.041,-0.14,1.0,0.77,9.72,-0.1,0.54,2.4,-0.17,-0.06,,,,37.47,0.74,-12.02,0.3,96.32,2.44,-1.38,19.13,-0.57,19.65,48.95,6.28,6.47,4.13,106.82,2.64,-1.41,0.01,20.8,14.2,-6.01,,,,,,,74.5,2.1,76.6,,,0.93,,0.33,0.51
Crater,174.06875,-10.87697,274.809,47.848,147.23,4.27,147.0,4.12,10800.0,2130.0,15.74,0.11,1.16,0.26,12.72,19.35,25.74,236.83,-0.69,-1.12,148.1,0.65,0.6,-0.059,0.125,-0.116,0.116,-0.23,0.8,0.53,9.78,-0.23,0.51,1.9,-0.09,-0.03,,,,-0.11,0.24,-98.46,2.86,109.15,3.17,-22.64,85.85,86.17,61.9,56.34,55.46,79.65,49.98,193.24,113.81,,,,,,,,,,,,,,,,,,,,
NGC_4147,182.52626,18.54264,252.848,77.189,18.54,0.21,20.74,0.19,39000.0,9370.0,10.29,0.05,1.64,0.4,0.36,2.54,4.03,89.25,3.88,1.88,179.35,0.31,3.2,-1.707,0.027,-2.09,0.027,-0.02,3.83,2.67,8.74,-0.3,0.62,13.0,-0.39,-0.11,,,,9.39,0.01,-3.93,0.05,18.07,0.21,41.47,2.41,-13.39,2.36,129.94,0.61,1.38,0.12,25.28,0.27,-1.8,0.02,17.02,10.32,-6.17,0.11,0.59,0.42,0.79,F2/3,0.08,183.2,0.7,186.1,2.6,0.7,1.83,,0.09,0.48
NGC_4372,186.4391,-72.65908,300.993,-9.884,5.71,0.21,7.22,0.04,198000.0,7300.0,7.37,0.06,2.08,0.12,3.79,5.75,8.53,75.02,2.08,1.58,75.59,0.3,4.5,-6.409,0.024,3.297,0.024,0.0,3.06,2.75,9.68,-1.01,0.64,15.7,-0.24,-0.09,1.36,0.68,99.2,5.28,0.11,-4.82,0.18,-0.98,0.04,100.02,0.59,84.34,0.43,64.53,0.64,2.92,0.11,7.24,0.06,-2.17,0.39,15.5,7.24,-7.79,0.31,1.1,0.72,1.5,F5,0.15,72.3,1.2,64.2,,,1.3,,1.75,3.91
Rup_106,189.6675,-51.15028,300.888,11.671,20.71,0.36,18.04,0.32,34200.0,5830.0,11.05,0.05,1.39,0.24,5.11,7.64,11.57,71.64,0.92,0.42,-38.36,0.26,1.6,-1.254,0.026,0.401,0.026,0.03,2.04,1.72,9.58,-0.98,0.38,5.6,-0.27,-0.11,,,,-2.23,0.18,-17.41,0.3,4.19,0.07,118.81,2.24,226.1,1.42,31.89,2.5,4.64,0.19,34.77,0.81,-1.68,0.2,17.8,10.9,-6.35,,,,,,,-44.0,3.0,-49.7,,,0.7,,1.0,1.05
NGC_4590,189.86658,-26.74406,299.626,36.051,10.4,0.1,10.35,0.07,122000.0,9220.0,7.99,0.05,1.8,0.15,1.96,4.43,7.58,77.43,2.53,1.53,-93.11,0.18,3.7,-2.739,0.024,1.779,0.024,0.0,3.22,2.62,9.53,-1.04,0.44,14.2,-0.39,-0.09,0.27,0.51,17.2,4.02,0.04,-7.31,0.07,6.12,0.06,170.95,1.08,289.35,0.86,16.98,0.96,8.95,0.06,29.51,0.42,-2.23,0.05,15.68,7.84,-7.37,0.04,0.63,0.46,0.94,F2/3,0.05,-94.7,0.2,-96.8,2.5,0.4,1.41,,0.58,1.51
BH_140,193.47292,-67.17728,303.171,-4.307,4.81,0.25,6.86,0.01,59900.0,4970.0,9.15,0.12,2.49,0.34,4.82,6.23,9.53,51.41,1.31,0.92,90.3,0.35,2.4,-14.848,0.024,1.224,0.024,0.0,2.4,2.14,9.48,-0.59,0.38,8.0,-0.2,-0.09,,,,5.55,0.13,-4.01,0.21,-0.36,0.02,221.4,0.51,-10.1,0.42,31.51,0.55,2.01,0.11,9.95,0.56,,,,,,,,,,,,,,,,,,,,
NGC_4833,194.89134,-70.8765,303.604,-8.015,6.48,0.08,7.13,0.02,206000.0,10300.0,7.19,0.05,1.74,0.1,1.54,3.25,4.76,80.15,3.13,2.36,201.99,0.4,6.1,-8.377,0.025,-0.963,0.025,-0.01,3.73,3.26,9.22,-0.31,0.61,22.5,-0.33,-0.12,1.14,0.83,86.6,4.63,0.05,-5.34,0.07,-0.9,0.01,94.87,0.68,-54.75,0.55,-42.08,0.75,0.85,0.06,7.65,0.08,-1.85,0.32,15.6,6.91,-8.17,0.29,0.93,0.63,1.33,F3,0.07,200.2,1.2,192.9,,,1.25,,1.0,2.41
NGC_5024,198.23021,18.16817,332.963,79.764,18.5,0.18,19.0,0.16,455000.0,32200.0,7.7,0.05,1.77,0.14,2.31,6.43,10.18,177.72,2.87,1.71,-63.37,0.25,6.3,-0.133,0.024,-1.331,0.024,0.0,3.61,2.93,9.98,-1.14,0.42,24.1,-0.31,-0.02,1.17,0.62,99.5,5.25,0.03,-1.49,0.01,18.2,0.18,-57.04,2.07,155.78,2.11,-72.45,0.45,9.17,0.17,22.67,0.22,-2.1,0.02,16.81,7.61,-8.71,0.09,0.64,0.45,0.86,F6,0.01,-62.9,0.3,-56.2,4.4,0.9,1.72,,0.35,1.31
NGC_5053,199.11288,17.70025,335.699,78.946,17.54,0.23,18.01,0.2,74200.0,16100.0,9.92,0.05,2.55,0.56,10.3,12.37,17.31,97.05,0.5,0.23,42.82,0.25,2.0,-0.329,0.025,-1.213,0.025,-0.02,1.9,1.72,9.97,-1.14,0.57,6.3,-0.11,-0.06,0.36,0.9,15.5,5.11,0.04,-1.38,0.02,17.21,0.23,-53.32,2.07,151.32,2.11,35.25,0.47,10.86,0.23,17.96,0.22,-2.27,0.01,16.69,9.47,-6.76,0.03,0.65,,0.9,,0.21,44.0,0.4,50.9,1.4,0.2,0.74,,2.08,2.61
NGC_5139,201.69699,-47.47947,309.102,14.968,5.43,0.05,6.5,0.01,3640000.0,41400.0,3.5,0.05,2.58,0.1,4.28,7.57,10.36,202.91,3.25,2.6,232.78,0.21,17.7,-3.25,0.022,-6.746,0.022,0.01,4.23,3.84,10.4,-0.77,0.62,63.9,-0.07,-0.03,4.27,0.52,100.0,4.87,0.03,-4.07,0.04,1.4,0.01,-95.71,0.46,-22.02,0.4,-87.15,0.53,1.5,0.05,6.94,0.03,-1.53,0.12,14.51,3.68,-10.26,0.19,0.78,0.51,1.05,F5,0.17,232.1,0.1,228.9,16.8,0.3,1.31,,2.37,5.0
NGC_5272,205.54842,28.37728,42.217,78.707,10.18,0.08,12.09,0.06,406000.0,17200.0,6.39,0.05,1.61,0.09,1.23,3.39,6.34,127.28,3.67,2.29,-147.2,0.27,7.6,-0.152,0.023,-2.67,0.022,0.0,4.08,3.29,9.66,-1.17,0.42,30.0,-0.39,-0.07,1.75,0.42,100.0,6.7,0.01,1.34,0.01,9.98,0.08,-65.05,1.08,128.2,1.08,-134.19,0.34,5.25,0.05,15.78,0.11,-1.5,0.01,15.64,6.19,-8.88,0.09,0.69,,0.93,F6,0.04,-147.6,0.2,-138.3,5.5,0.3,1.89,,0.37,2.31
NGC_5286,206.61171,-51.37425,311.614,10.568,11.1,0.14,8.46,0.09,353000.0,12000.0,7.35,0.05,1.48,0.06,0.4,2.37,3.79,93.89,4.81,2.9,62.38,0.4,9.7,0.198,0.025,-0.153,0.025,-0.0,4.77,3.68,9.18,-0.51,0.39,39.6,-0.36,-0.1,0.76,0.95,40.6,0.93,0.09,-8.16,0.11,2.03,0.03,-59.38,1.05,210.62,0.96,8.74,1.3,0.97,0.05,12.81,0.17,-1.69,0.24,16.63,7.34,-8.74,0.28,0.88,0.58,1.19,F5,0.12,57.4,1.5,54.3,8.1,1.0,1.41,,0.28,0.73
AM_4,209.08907,-27.16517,320.283,33.51,29.01,0.94,24.58,0.87,756.0,151.0,16.49,0.06,3.63,0.75,2.15,6.38,15.0,51.0,-0.07,-1.57,151.19,2.85,0.2,-0.291,0.445,-2.512,0.344,-0.36,0.68,-0.18,9.18,-2.12,0.27,0.8,-0.27,-0.11,,,,-10.43,0.6,-15.46,0.5,16.02,0.52,-152.75,46.34,-49.1,47.23,-174.27,40.52,25.06,0.78,47.63,23.7,-1.3,0.05,18.3,15.88,-1.81,,,,,,,,,,,,0.7,,0.41,0.43
NGC_5466,211.36371,28.53444,42.15,73.592,16.12,0.16,16.48,0.14,59800.0,9910.0,9.32,0.05,1.44,0.24,6.48,9.53,14.03,79.88,0.88,0.41,106.82,0.2,1.9,-5.342,0.025,-0.822,0.024,0.01,2.09,1.79,9.81,-1.0,0.43,6.6,-0.23,-0.08,0.84,0.65,81.3,4.8,0.03,3.06,0.03,15.46,0.16,217.58,1.83,-34.52,1.82,225.2,0.56,6.26,0.24,47.61,1.48,-1.98,0.0,16.52,9.04,-6.98,,0.67,,0.82,,0.11,110.7,0.2,121.2,1.7,0.2,1.04,,1.43,2.3
NGC_5634,217.40533,-5.97643,342.21,49.26,25.96,0.62,21.84,0.57,228000.0,43700.0,9.51,0.08,2.18,0.44,0.75,4.48,7.39,182.86,4.2,1.85,-16.07,0.6,5.6,-1.692,0.027,-1.478,0.026,-0.01,4.13,2.91,9.57,-0.76,0.43,22.9,-0.37,-0.05,,,,-7.95,0.39,-5.18,0.12,19.67,0.47,59.74,2.62,-13.43,3.2,-25.78,2.18,2.95,0.33,22.2,0.6,-1.88,0.05,17.68,9.47,-7.69,0.09,0.67,0.44,0.96,F3/4,0.02,-45.1,6.6,-37.5,,,2.07,,0.09,0.86
NGC_5694,219.90125,-26.53878,331.056,30.36,34.84,0.74,29.16,0.7,317000.0,28300.0,9.86,0.13,2.1,0.3,0.04,3.1,4.86,240.54,6.7,2.52,-139.55,0.49,9.2,-0.464,0.029,-1.105,0.029,-0.06,5.7,3.4,9.29,-0.53,0.49,37.4,-0.35,-0.07,5.62,6.4,62.3,-18.13,0.56,-14.55,0.31,17.61,0.37,113.02,3.18,145.84,4.37,-171.34,4.16,2.96,0.33,59.72,1.69,-1.98,0.09,18.5,10.17,-7.83,0.08,0.69,0.48,0.98,F4,0.04,-140.3,0.8,-136.2,5.8,0.8,1.89,,0.06,0.4
IC_4499,225.07719,-82.21379,307.354,-20.473,18.89,0.25,15.75,0.22,155000.0,25800.0,9.84,0.06,2.27,0.39,5.14,10.16,14.96,110.32,1.47,0.76,38.41,0.31,3.0,0.466,0.025,-0.489,0.025,0.01,2.58,2.15,10.02,-1.04,0.35,10.7,-0.26,-0.04,,,,-2.56,0.14,-14.07,0.19,-6.61,0.09,-31.4,1.88,248.38,1.53,-61.35,2.11,6.77,0.23,28.82,0.63,-1.53,0.23,17.65,9.76,-7.32,0.45,0.91,,,,0.08,31.5,0.2,24.1,2.5,0.5,1.21,,0.84,1.71
NGC_5824,225.99416,-33.06814,332.555,22.071,31.71,0.6,25.42,0.57,762000.0,41400.0,8.86,0.08,2.04,0.17,0.66,4.49,6.51,261.18,4.61,2.52,-25.24,0.52,11.2,-1.189,0.026,-2.234,0.026,-0.02,4.73,3.53,9.66,-0.44,0.53,45.3,-0.39,-0.03,6.47,2.28,99.7,-17.9,0.49,-13.55,0.26,11.92,0.23,97.02,2.26,-61.72,3.52,-180.15,3.62,13.82,1.07,34.75,1.43,-1.91,0.13,18.45,9.09,-8.85,0.12,0.75,0.51,1.05,F4,0.03,-27.5,1.5,-23.8,11.6,0.5,1.98,,0.06,0.45
Pal_5,229.01917,-0.121,0.839,45.856,21.94,0.51,17.27,0.47,9980.0,1660.0,11.86,0.06,1.23,0.21,14.86,20.41,27.64,46.09,-0.91,-1.25,-58.61,0.15,0.6,-2.73,0.028,-2.654,0.027,0.0,0.66,0.44,9.87,-0.37,0.5,1.9,-0.15,-0.07,,,,-7.1,0.36,0.22,0.01,15.74,0.37,47.44,2.05,-143.31,2.85,-12.0,1.99,8.71,0.0,17.56,0.0,-1.41,0.03,17.51,11.75,-5.17,,,,,,,-58.7,0.2,-48.0,1.1,0.2,0.52,,2.29,2.73
NGC_5897,229.35166,-21.01012,342.946,30.294,12.55,0.24,7.41,0.18,157000.0,14300.0,8.48,0.05,2.22,0.22,5.49,7.61,10.99,69.58,1.55,1.15,101.31,0.22,3.5,-5.422,0.025,-3.393,0.025,-0.01,2.69,2.43,9.82,-1.03,0.56,11.9,-0.2,-0.08,1.02,0.79,82.0,-2.18,0.19,-3.18,0.06,6.33,0.12,34.74,0.87,-129.66,1.45,91.38,1.3,2.49,0.25,8.88,0.32,-1.9,0.09,16.27,8.53,-7.23,0.08,0.74,0.5,1.04,F7,0.08,101.5,1.0,108.4,,,0.86,,1.4,2.06
NGC_5904,229.63841,2.08103,3.859,46.796,7.48,0.06,6.27,0.02,394000.0,6420.0,5.95,0.05,1.81,0.06,1.18,3.51,5.68,81.73,3.71,2.41,53.5,0.25,7.9,4.086,0.023,-9.87,0.023,-0.01,4.12,3.37,9.51,-0.85,0.54,30.6,-0.35,-0.07,4.11,0.42,100.0,3.07,0.04,0.34,0.0,5.45,0.04,-301.63,0.62,90.0,0.82,-181.34,0.59,2.84,0.03,23.49,0.54,-1.29,0.03,15.07,5.65,-8.81,0.17,0.72,0.45,0.95,F7,0.14,53.2,0.4,64.3,5.5,0.4,1.73,,0.44,1.77
NGC_5927,232.00287,-50.67303,326.604,4.86,8.27,0.11,4.77,0.03,275000.0,2370.0,7.74,0.06,1.63,0.06,1.42,3.47,5.28,63.78,3.37,2.36,-104.09,0.28,6.7,-5.056,0.025,-3.217,0.025,-0.01,3.89,3.29,9.31,-0.07,0.47,24.2,-0.26,-0.06,0.93,0.72,82.2,1.3,0.09,-4.54,0.06,0.7,0.01,205.28,0.59,113.63,0.83,6.03,0.97,4.03,0.02,5.46,0.07,-0.49,0.45,16.55,8.01,-7.81,0.85,1.31,0.79,1.63,G2,0.04,-107.5,0.9,-107.2,,,1.6,,0.42,1.1
NGC_5946,233.86905,-50.65971,327.583,4.191,9.64,0.51,5.2,0.26,93100.0,13700.0,9.49,0.09,1.58,0.26,0.31,1.93,2.59,44.03,4.51,2.81,137.6,0.94,6.0,-5.331,0.028,-1.657,0.027,-0.01,4.42,3.42,8.59,0.13,0.55,23.8,-0.35,-0.12,,,,0.06,0.43,-5.16,0.27,0.7,0.04,7.74,1.05,-22.33,1.17,98.37,1.24,0.49,0.15,5.18,0.36,-1.29,0.54,17.4,9.61,-7.18,0.45,1.29,0.77,1.58,F7/8,0.16,128.4,1.8,128.9,4.0,2.9,2.5,c,0.08,0.89
NGC_5986,236.5125,-37.78642,337.022,13.268,10.54,0.13,4.85,0.08,334000.0,23500.0,7.7,0.05,1.9,0.15,1.17,2.77,4.25,65.86,3.63,2.71,101.18,0.43,8.2,-4.192,0.026,-4.568,0.026,-0.01,4.11,3.55,9.25,-0.52,0.54,30.9,-0.39,-0.12,1.65,0.93,97.7,-1.27,0.12,-4.0,0.05,2.42,0.03,8.44,0.69,-72.44,1.2,-13.14,1.26,0.56,0.09,5.05,0.09,-1.59,0.28,16.52,7.52,-8.44,0.3,0.9,0.58,1.22,F5,0.06,88.9,3.7,92.9,,,1.23,,0.47,0.98
FSR_1716,242.625,-53.74889,329.778,-1.593,7.43,0.27,4.14,0.02,64300.0,22800.0,13.06,0.18,9.19,3.39,1.9,3.66,5.16,35.62,2.41,1.75,-30.7,0.98,3.3,-4.354,0.033,-8.832,0.031,-0.0,3.09,2.69,9.01,-0.16,0.59,11.8,-0.28,-0.11,,,,1.76,0.23,-3.74,0.13,-0.21,0.01,181.46,1.02,-10.51,1.09,-115.81,1.14,2.3,0.1,4.93,0.12,,,,,,,,,,,,,,,,,,,,
Pal_14,242.7525,14.95778,28.746,42.192,73.58,1.63,68.55,1.56,18900.0,3510.0,14.13,0.05,1.68,0.32,16.29,27.62,36.7,77.0,-0.85,-1.3,72.3,0.14,0.7,-0.463,0.038,-0.413,0.038,0.12,0.78,0.49,10.1,-0.04,0.6,2.3,-0.07,-0.0,,,,-39.62,1.06,26.22,0.58,49.42,1.09,-98.6,10.08,76.54,12.4,123.48,9.88,2.95,1.41,99.43,2.51,-1.62,0.04,20.1,14.74,-4.8,,,,,,,72.3,0.2,87.0,0.4,0.1,0.8,,0.82,1.22
Lynga_7,242.76521,-55.31778,328.769,-2.797,7.9,0.16,4.35,0.03,79600.0,10700.0,9.87,0.14,1.66,0.31,2.16,4.11,5.16,39.06,2.4,1.84,17.86,0.83,3.6,-3.851,0.027,-7.05,0.027,0.02,3.13,2.78,8.99,1.1,0.61,12.7,-0.19,-0.08,,,,1.43,0.14,-4.09,0.08,-0.39,0.01,125.61,0.88,1.31,0.96,-88.36,1.02,1.75,0.06,4.42,0.06,-0.67,0.73,17.43,10.18,-6.6,,,,,,,8.0,5.0,8.0,,,0.95,,0.9,1.2
NGC_6093,244.26004,-22.97608,352.673,19.463,10.34,0.12,3.95,0.08,338000.0,9410.0,7.43,0.05,2.08,0.08,0.41,1.76,2.62,61.98,4.85,3.36,10.93,0.39,11.0,-2.934,0.027,-5.578,0.026,-0.01,4.85,3.98,8.86,-0.16,0.62,43.5,-0.37,-0.11,1.97,0.84,99.7,-1.49,0.11,-1.24,0.01,3.44,0.04,-9.16,0.59,-48.75,1.29,-63.13,1.23,0.87,0.07,4.07,0.07,-1.75,0.18,16.1,7.33,-8.23,0.21,0.84,0.56,1.11,F6,0.0,8.1,1.5,16.7,12.4,0.6,1.68,,0.15,0.61
RLGC_1,244.28504,-44.59406,,,28.84,4.01,21.59,3.84,297000.0,0.0,13.1,0.0,1.8,0.0,2.83,7.97,11.6,172.83,2.39,1.47,,,4.6,,,,,,3.26,2.71,9.9,-0.85,0.41,17.2,-0.32,-0.02,,,,,,,,,,,,,,,,,,,,,,,,,,,,,,,,,,,,,,,
NGC_6121,245.89674,-26.52575,350.973,15.972,1.85,0.02,6.45,0.01,87100.0,1130.0,5.65,0.06,1.59,0.06,0.39,2.49,3.69,53.43,4.19,2.33,71.21,0.15,4.8,-12.514,0.023,-19.022,0.023,-0.02,4.16,3.1,8.87,-0.25,0.53,19.4,-0.37,-0.11,0.22,0.17,81.8,6.42,0.02,-0.28,0.0,0.51,0.0,-56.2,0.16,45.24,0.2,-3.06,0.2,0.68,0.07,6.44,0.11,-1.16,0.35,13.45,5.63,-7.19,0.43,1.03,0.69,1.42,F8,0.0,70.7,0.2,78.6,4.0,0.2,1.65,,1.16,4.33
NGC_6101,246.45049,-72.20219,317.746,-15.825,14.45,0.19,10.36,0.15,178000.0,32200.0,8.68,0.05,2.56,0.47,5.86,9.56,14.06,89.11,1.46,0.88,366.33,0.32,3.3,1.756,0.024,-0.258,0.025,0.0,2.62,2.26,10.04,-1.27,0.51,11.6,-0.26,-0.05,,,,-2.11,0.13,-9.35,0.12,-3.94,0.05,-296.68,1.2,83.53,1.28,-190.13,1.6,10.2,0.14,35.65,1.19,-1.98,0.05,16.6,9.16,-6.94,0.06,0.68,0.5,,F5,0.05,361.4,1.7,357.0,,,0.8,,0.97,1.05
NGC_6144,246.80777,-26.0235,351.929,15.701,8.15,0.13,2.5,0.02,79200.0,13700.0,9.24,0.05,2.49,0.44,1.62,3.63,4.91,28.18,2.66,1.9,194.79,0.58,3.7,-1.744,0.026,-2.607,0.026,-0.0,3.28,2.81,9.01,0.11,0.71,13.6,-0.34,-0.1,,,,0.41,0.12,-1.1,0.02,2.21,0.03,-184.35,0.63,106.43,0.99,44.02,0.99,1.9,0.1,3.13,0.05,-1.76,0.36,16.4,9.01,-6.85,0.35,0.96,0.6,1.1,F5/6,0.25,193.8,0.6,201.9,,,1.55,,0.94,1.63
NGC_6139,246.91847,-38.84878,342.366,6.939,10.04,0.45,3.51,0.28,323000.0,32700.0,8.97,0.09,1.73,0.22,0.27,1.85,2.47,66.58,5.36,3.41,24.41,0.95,11.5,-6.081,0.027,-2.711,0.026,0.01,5.11,4.0,8.79,0.24,0.59,45.6,-0.35,-0.1,,,,-1.32,0.43,-3.02,0.14,1.21,0.05,68.41,0.98,-29.53,1.23,130.59,1.25,1.34,0.26,3.63,0.34,-1.65,0.75,17.9,8.99,-8.36,0.73,1.4,0.91,1.86,F6/7,0.05,6.7,6.0,11.5,,,1.86,,0.15,0.85
Ter_3,247.16248,-35.33983,345.084,9.199,7.64,0.31,2.46,0.02,40400.0,11500.0,10.59,0.18,1.75,0.57,2.93,4.67,7.19,22.45,1.68,1.11,-135.76,0.57,2.2,-5.577,0.027,-1.76,0.026,0.01,2.56,2.2,9.17,-0.58,0.17,7.9,-0.29,-0.09,,,,0.89,0.3,-1.94,0.08,1.22,0.05,181.99,0.62,112.92,0.93,88.73,0.95,2.39,0.06,2.88,0.08,-0.74,0.73,17.51,12.0,-4.82,,,,,,,-136.3,0.7,-130.6,,,0.7,,1.18,1.25
NGC_6171,248.13275,-13.05378,3.373,23.011,5.63,0.08,3.74,0.04,74900.0,3940.0,8.28,0.05,2.22,0.14,0.83,2.86,3.94,36.17,3.34,2.17,-34.71,0.18,4.1,-1.939,0.025,-5.979,0.025,0.0,3.67,2.98,8.87,-0.02,0.68,16.0,-0.39,-0.1,0.7,0.46,93.9,3.0,0.07,0.3,0.0,2.2,0.03,-10.27,0.31,93.66,0.67,-57.63,0.62,1.22,0.04,3.83,0.03,-1.02,0.33,15.7,7.93,-7.12,0.69,1.1,0.72,1.45,G0,0.02,-34.1,0.3,-23.0,4.1,0.3,1.53,,0.56,1.73
ESO_452-SC11,249.85417,-28.39917,351.909,12.098,7.39,0.2,2.12,0.05,8260.0,3350.0,11.76,0.07,2.42,0.99,0.73,2.52,3.68,10.99,2.53,1.3,16.37,0.44,1.4,-1.423,0.031,-6.472,0.03,-0.06,2.8,2.08,8.41,0.63,0.62,5.6,-0.33,-0.12,,,,1.03,0.19,-1.02,0.03,1.55,0.04,-20.55,0.51,43.58,1.07,-95.31,1.07,0.4,0.13,2.33,0.13,-1.5,0.46,16.6,12.0,-4.02,,,,,,,,,,,,1.0,,0.5,0.5
NGC_6205,250.42181,36.45986,59.007,40.913,7.42,0.08,8.64,0.04,545000.0,20600.0,5.81,0.05,2.31,0.12,1.89,3.46,5.26,134.25,3.34,2.66,-244.9,0.3,9.4,-3.149,0.023,-2.574,0.023,-0.01,4.02,3.59,9.52,-0.7,0.66,34.0,-0.3,-0.1,1.53,0.61,99.9,5.29,0.03,4.81,0.05,4.86,0.05,30.42,0.76,-15.23,0.64,-77.46,0.63,1.5,0.02,8.72,0.05,-1.53,0.02,14.9,5.78,-8.55,-0.02,0.68,,0.86,F6,0.11,-244.2,0.2,-228.0,7.1,0.4,1.53,,0.62,1.69
NGC_6229,251.74525,47.5278,73.639,40.306,30.11,0.47,29.45,0.44,286000.0,90900.0,9.33,0.07,1.93,0.62,1.05,3.12,4.41,209.53,3.66,2.61,-137.89,0.71,7.5,-1.171,0.026,-0.467,0.027,0.01,4.09,3.46,9.21,-0.53,0.65,28.7,-0.34,-0.1,,,,1.71,0.1,22.03,0.34,19.47,0.3,-7.81,3.73,29.23,2.62,47.44,2.89,1.27,0.23,30.37,0.44,-1.47,0.01,18.03,9.39,-8.06,-0.03,0.7,,1.01,F7,0.05,-154.2,7.6,-138.4,,,1.5,,0.12,0.36
NGC_6218,251.80907,-1.94853,15.715,26.313,5.11,0.05,4.57,0.02,107000.0,3280.0,7.09,0.05,1.92,0.09,1.21,2.83,4.05,45.27,3.13,2.29,-41.67,0.14,4.8,-0.191,0.024,-6.802,0.024,0.01,3.62,3.11,8.94,-0.28,0.62,17.8,-0.32,-0.11,0.93,0.37,100.0,3.77,0.04,1.24,0.01,2.26,0.02,-49.04,0.32,114.81,0.57,-85.33,0.52,2.15,0.02,4.71,0.01,-1.37,0.19,14.6,6.7,-7.31,0.2,0.83,0.56,1.14,F8,0.04,-41.4,0.2,-27.9,4.5,0.4,1.34,,0.79,1.77
FSR_1735,253.04417,-47.05806,339.188,-1.853,9.08,0.53,3.25,0.22,72300.0,14300.0,14.38,0.11,1.48,0.33,0.51,2.14,2.97,31.73,3.87,2.52,-69.85,4.88,4.7,-4.439,0.054,-1.534,0.048,-0.05,4.0,3.2,8.63,0.15,0.62,18.6,-0.34,-0.11,,,,-0.31,0.49,-3.23,0.19,-0.29,0.02,112.21,4.59,114.69,2.65,115.19,2.21,1.14,0.14,4.09,0.38,,1.42,20.0,12.9,-6.45,,,,,,,,,,,,0.56,,0.39,0.34
NGC_6235,253.35568,-22.17745,358.918,13.518,11.94,0.38,4.42,0.33,107000.0,20900.0,9.62,0.05,2.56,0.51,1.2,3.33,4.78,39.11,3.07,2.07,126.68,0.33,4.4,-3.931,0.027,-7.587,0.027,-0.01,3.56,2.96,9.09,-0.22,0.56,16.8,-0.34,-0.1,,,,-3.43,0.37,-0.22,0.01,2.79,0.09,-144.49,0.48,-226.85,1.51,-43.18,1.48,3.49,0.38,7.47,1.14,-1.28,0.31,16.87,9.97,-6.29,0.44,1.05,0.66,1.36,F9,0.13,87.3,3.4,96.8,,,1.53,,0.33,1.0
NGC_6254,254.28772,-4.10031,15.137,23.076,5.07,0.06,4.35,0.03,205000.0,4310.0,6.61,0.05,1.86,0.08,1.05,2.97,4.81,54.06,3.49,2.34,74.21,0.23,6.2,-4.758,0.024,-6.597,0.024,-0.02,3.92,3.24,9.25,-0.68,0.53,23.7,-0.35,-0.1,0.26,0.56,12.0,3.68,0.06,1.22,0.02,1.99,0.03,-122.79,0.33,80.54,0.55,48.77,0.53,1.92,0.02,4.59,0.04,-1.56,0.28,14.65,6.6,-7.48,0.23,0.9,0.53,1.21,F3,0.0,75.2,0.7,88.5,6.6,0.8,1.38,,0.77,1.95
NGC_6256,254.88611,-37.12097,347.792,3.307,7.24,0.29,1.94,0.11,125000.0,3170.0,10.56,0.12,2.11,0.22,0.04,2.97,4.82,30.17,6.21,2.13,-99.75,0.66,5.4,-3.715,0.031,-1.637,0.03,-0.0,5.22,3.03,9.15,-0.63,0.62,20.9,-0.38,-0.12,,,,1.11,0.29,-1.53,0.06,0.42,0.02,115.93,0.68,153.98,1.04,67.14,1.06,1.4,0.26,2.17,0.06,-1.02,1.09,19.09,11.29,-7.15,1.03,1.69,,,,,-101.4,1.9,-95.6,6.6,2.6,2.5,c,0.02,0.86
Pal_15,254.9626,-0.539,18.849,24.337,44.1,1.14,37.28,1.1,50900.0,10000.0,13.55,0.07,3.5,0.71,14.29,20.13,26.86,116.85,-0.15,-0.5,72.27,1.74,1.3,-0.592,0.037,-0.901,0.034,0.02,1.4,1.18,10.1,-0.25,0.55,4.2,-0.11,-0.03,,,,-29.85,0.98,12.98,0.33,18.17,0.47,-141.52,3.95,58.91,7.03,47.82,6.87,2.03,0.6,49.76,1.6,-2.07,0.4,20.0,14.0,-5.51,,,,,,,68.9,1.1,82.9,,,0.6,,1.2,1.1
NGC_6266,255.30415,-30.11339,353.575,7.318,6.41,0.1,2.15,0.08,610000.0,4500.0,6.6,0.07,1.99,0.11,0.39,1.79,2.43,46.33,5.15,3.71,-73.98,0.67,15.3,-4.978,0.026,-2.947,0.026,0.01,5.15,4.29,8.91,0.21,0.62,60.3,-0.37,-0.08,6.22,1.53,100.0,1.86,0.1,-0.71,0.01,0.82,0.01,88.42,0.67,99.48,0.8,63.38,0.8,0.86,0.05,2.42,0.06,-1.18,0.47,16.25,6.45,-9.18,0.52,1.19,0.74,1.58,F9,0.01,-70.1,1.4,-62.3,14.3,0.4,1.71,c:,0.22,0.92
NGC_6273,255.65749,-26.26797,356.869,9.382,8.34,0.16,1.43,0.03,697000.0,36100.0,6.88,0.06,2.25,0.14,1.01,3.15,4.21,38.77,4.15,3.05,145.54,0.59,12.1,-3.249,0.026,1.66,0.025,0.0,4.54,3.88,9.3,0.33,0.68,46.0,-0.3,-0.04,4.19,1.12,100.0,-0.04,0.16,-0.45,0.01,1.36,0.03,-130.01,0.6,221.69,1.0,171.36,1.0,1.21,0.05,3.28,0.1,-1.74,0.38,16.44,6.77,-9.13,0.35,1.03,0.66,1.35,F7,0.27,135.0,4.1,143.8,,,1.53,,0.43,1.32
NGC_6284,256.12011,-24.7648,358.347,9.939,14.21,0.42,6.32,0.4,129000.0,23300.0,9.31,0.12,1.33,0.26,0.47,2.93,3.78,64.43,4.22,2.45,28.62,0.73,5.9,-3.2,0.029,-2.002,0.028,-0.0,4.26,3.23,8.89,1.01,0.65,23.4,-0.35,-0.04,,,,-5.81,0.41,-0.4,0.01,2.45,0.07,-16.21,0.79,15.89,1.89,105.03,1.89,0.99,0.05,6.43,0.42,-1.26,0.28,17.4,8.83,-7.96,0.4,0.99,0.65,1.31,F9,0.03,27.5,1.7,36.7,6.3,0.9,2.5,c,0.07,0.66
NGC_6287,256.2889,-22.70801,0.132,11.023,7.93,0.37,1.57,0.04,145000.0,18200.0,9.26,0.08,2.82,0.4,0.21,1.95,3.65,23.74,4.95,2.57,-294.74,1.65,6.3,-5.01,0.029,-1.883,0.028,0.01,4.66,3.32,9.01,-0.62,0.61,26.1,-0.39,-0.13,,,,0.4,0.36,0.02,0.0,1.52,0.07,299.1,1.63,83.94,1.06,60.15,1.1,0.88,0.08,4.16,0.13,-2.1,0.6,17.2,9.35,-7.36,0.52,1.2,0.83,1.74,F5,0.13,-288.7,3.5,-279.1,,,1.38,,0.29,0.74
NGC_6293,257.5425,-26.58208,357.62,7.834,9.19,0.28,1.6,0.18,205000.0,16000.0,8.4,0.11,2.55,0.33,0.13,2.36,4.05,26.3,5.56,2.58,-143.66,0.39,7.5,0.87,0.028,-4.326,0.028,-0.01,5.02,3.39,9.16,-0.82,0.69,30.3,-0.39,-0.12,,,,-0.92,0.28,-0.38,0.01,1.25,0.04,117.36,0.43,126.51,1.21,-151.82,1.2,0.47,0.15,2.74,0.38,-1.99,0.36,16.5,8.22,-7.78,0.29,0.96,0.63,1.28,F3,0.03,-146.2,1.7,-137.4,7.7,1.3,2.5,c,0.05,0.89
NGC_6304,258.6344,-29.46203,355.826,5.376,6.15,0.15,2.19,0.13,126000.0,11400.0,8.18,0.08,1.57,0.17,0.22,1.95,4.26,29.65,4.94,2.3,-108.62,0.39,5.5,-4.07,0.029,-1.088,0.028,0.01,4.58,3.13,9.1,-0.76,0.06,21.3,-0.35,-0.11,1.3,0.91,89.4,2.07,0.15,-0.45,0.01,0.58,0.01,110.97,0.4,166.29,0.83,75.12,0.82,1.55,0.12,2.69,0.11,-0.45,0.54,16.25,8.22,-7.3,0.82,1.31,0.77,1.7,G3,0.02,-107.3,3.6,-99.3,,,1.8,,0.21,1.42
NGC_6316,259.15542,-28.14011,357.175,5.764,11.15,0.39,3.16,0.36,318000.0,39400.0,9.01,0.19,2.59,0.52,0.6,2.98,4.77,52.51,4.31,2.56,99.65,0.84,8.2,-4.969,0.031,-4.592,0.03,0.01,4.45,3.43,9.27,-0.28,0.6,32.7,-0.36,-0.07,,,,-2.9,0.38,-0.55,0.02,1.12,0.04,-85.29,0.85,-101.38,1.61,92.77,1.62,0.9,0.2,3.92,0.46,-0.45,0.54,17.5,8.43,-8.34,0.62,1.39,0.85,1.8,G2,0.04,71.4,8.9,79.9,,,1.65,,0.17,0.65
NGC_6341,259.28076,43.13594,68.338,34.859,8.5,0.07,9.85,0.04,352000.0,4190.0,6.51,0.05,2.16,0.07,0.78,2.39,4.49,120.87,4.11,2.67,-120.55,0.27,8.4,-4.935,0.024,-0.625,0.024,-0.0,4.34,3.53,9.39,-1.15,0.57,32.8,-0.34,-0.13,1.46,0.61,99.9,5.6,0.02,6.48,0.05,4.86,0.04,23.15,0.92,39.51,0.66,98.32,0.82,1.03,0.04,10.6,0.06,-2.31,0.02,15.1,6.44,-8.21,0.01,0.63,,0.88,F2,0.1,-120.0,0.1,-103.5,6.0,0.4,1.68,,0.26,1.02
NGC_6325,259.49633,-23.76768,0.971,8.003,7.53,0.32,1.28,0.13,58900.0,2040.0,10.9,0.09,2.09,0.11,0.31,1.7,2.05,16.06,4.54,2.91,29.54,0.58,5.3,-8.289,0.03,-9.0,0.029,0.02,4.37,3.43,8.24,1.32,0.72,20.9,-0.34,-0.05,,,,0.72,0.32,0.13,0.01,1.05,0.04,-38.96,0.59,-179.8,1.06,73.37,1.06,1.04,0.03,1.31,0.13,-1.25,0.91,17.9,10.33,-6.96,0.85,1.66,,2.15,G0,0.12,29.8,1.8,39.3,5.9,1.3,2.5,c,0.03,0.63
NGC_6333,259.79909,-18.51626,5.544,10.705,8.3,0.14,1.73,0.02,323000.0,24700.0,7.65,0.05,2.14,0.18,0.91,2.73,4.17,33.98,3.86,2.73,310.75,2.12,8.3,-2.18,0.026,-3.222,0.026,0.02,4.23,3.56,9.22,-0.42,0.57,31.8,-0.35,-0.11,,,,0.06,0.14,0.79,0.01,1.54,0.03,-329.54,2.08,129.38,1.04,66.37,1.09,1.22,0.03,6.16,0.12,-1.77,0.38,16.2,7.72,-7.95,0.32,0.97,0.63,1.33,F5/6,0.04,229.1,7.0,239.8,,,1.25,,0.45,0.96
NGC_6342,260.29157,-19.58766,4.898,9.725,8.01,0.23,1.54,0.02,42200.0,1120.0,9.86,0.12,1.83,0.13,0.34,1.48,2.06,15.47,4.16,2.77,115.75,0.9,4.4,-2.903,0.027,-7.116,0.026,-0.0,4.11,3.28,8.22,0.96,0.66,17.3,-0.35,-0.09,,,,0.31,0.23,0.67,0.02,1.35,0.04,-158.85,0.9,-22.39,1.01,-29.65,1.02,0.83,0.09,1.67,0.05,-0.55,0.46,16.8,9.66,-6.42,0.77,1.26,0.8,1.57,G3/4,0.18,115.7,1.4,126.3,5.2,2.1,2.5,c,0.05,0.73
NGC_6356,260.8958,-17.81303,6.724,10.22,15.66,0.92,7.86,0.87,600000.0,85500.0,8.32,0.08,2.75,0.43,1.48,3.87,6.86,93.23,3.52,2.35,48.18,1.82,8.8,-3.75,0.026,-3.392,0.026,-0.0,4.08,3.4,9.72,-0.87,0.32,33.4,-0.29,-0.04,,,,-7.12,0.9,1.8,0.11,2.78,0.16,-83.69,1.81,-104.45,1.95,110.59,1.95,3.53,0.94,8.97,1.03,-0.4,0.28,17.5,8.25,-8.51,0.63,1.13,0.69,1.45,G3,0.03,27.0,4.3,38.0,,,1.59,,0.24,0.81
NGC_6355,260.99353,-26.35283,359.585,5.429,8.65,0.22,0.93,0.12,101000.0,2620.0,10.04,0.08,1.63,0.11,0.21,2.36,3.55,14.02,4.88,2.44,-195.85,0.55,5.5,-4.738,0.031,-0.572,0.03,0.02,4.55,3.19,8.86,-0.31,0.62,22.1,-0.37,-0.12,,,,-0.44,0.22,-0.06,0.0,0.82,0.02,198.81,0.56,125.75,1.24,136.26,1.27,0.79,0.08,1.48,0.24,-1.37,0.77,17.8,9.14,-8.07,0.72,1.48,0.93,1.83,G0,,-176.9,7.1,-167.9,,,2.5,c,0.05,0.88
NGC_6352,261.37128,-48.42217,341.421,-7.166,5.54,0.07,3.51,0.04,64700.0,2020.0,8.06,0.06,2.21,0.11,1.12,2.88,4.56,33.58,2.93,1.92,-125.63,1.01,3.5,-2.158,0.025,-4.447,0.025,-0.01,3.4,2.79,8.96,-0.16,0.58,13.5,-0.3,-0.11,,,,2.96,0.07,-1.75,0.02,-0.69,0.01,150.09,0.97,170.59,0.7,6.02,0.66,3.08,0.02,3.93,0.07,-0.64,0.22,15.13,7.96,-6.47,0.64,1.06,0.66,1.5,G4,0.07,-137.0,1.1,-134.1,,,1.1,,0.83,2.05
IC_1257,261.78543,-7.09306,16.528,15.145,26.59,1.43,19.27,1.37,18100.0,3620.0,13.81,0.13,1.26,0.29,1.16,4.05,5.54,65.92,2.28,1.11,-137.97,2.04,1.7,-1.007,0.04,-1.492,0.032,0.1,2.76,2.06,8.85,0.03,0.63,6.6,-0.35,-0.12,,,,-16.43,1.32,7.3,0.39,6.95,0.37,55.51,2.45,-3.71,4.27,-15.9,4.67,0.94,0.25,20.11,1.36,-1.7,0.73,19.8,13.1,-6.15,,1.38,,1.83,,,-140.2,2.1,-127.0,,,1.55,,0.25,1.4
Ter_2,261.88792,-30.80233,356.319,2.298,7.75,0.33,0.74,0.16,136000.0,24600.0,13.11,0.11,2.27,0.46,0.42,2.43,4.16,11.28,4.38,2.37,134.56,0.96,5.7,-2.17,0.041,-6.263,0.038,0.05,4.31,3.18,9.03,-0.18,0.52,23.0,-0.38,-0.09,,,,0.45,0.32,-0.5,0.02,0.31,0.01,-132.6,0.97,8.22,1.44,-48.77,1.47,0.16,0.04,0.89,0.23,-0.69,1.87,20.87,14.29,-5.88,,,,,,,109.0,15.0,116.9,,,2.5,c,0.03,1.52
NGC_6366,261.93436,-5.07986,18.409,16.036,3.44,0.05,5.23,0.04,37600.0,1930.0,8.85,0.05,1.71,0.11,1.96,3.77,5.56,34.82,2.11,1.42,-120.65,0.19,2.4,-0.332,0.025,-5.16,0.024,0.01,2.81,2.39,8.99,-0.16,0.49,8.8,-0.26,-0.1,0.63,0.6,66.6,5.04,0.05,1.05,0.02,0.95,0.01,65.2,0.24,147.18,0.39,-62.2,0.39,2.21,0.03,5.71,0.04,-0.59,0.71,15.65,9.2,-5.74,0.97,1.44,,,,0.16,-122.2,0.5,-108.6,1.3,0.5,0.74,,2.17,2.92
Ter_4,262.66251,-31.59553,356.024,1.308,7.59,0.31,0.82,0.2,200000.0,56300.0,13.43,0.27,2.82,1.06,0.57,3.43,6.06,16.86,4.07,2.08,-48.96,1.57,5.5,-5.462,0.06,-3.711,0.048,0.19,4.12,3.06,9.43,-0.82,0.04,22.8,-0.43,-0.07,,,,0.61,0.31,-0.53,0.02,0.17,0.01,55.02,1.57,36.73,1.88,96.93,2.05,0.19,0.05,0.86,0.21,-1.41,2.0,21.07,16.0,-4.48,,,,,,,-50.0,2.9,-42.3,,,0.9,,0.9,1.85
HP_1,262.77167,-29.98167,357.425,2.115,7.0,0.14,1.26,0.13,124000.0,17100.0,11.07,0.15,3.28,0.56,1.26,2.91,3.74,19.0,3.19,2.45,39.76,1.22,5.3,2.523,0.039,-10.093,0.037,0.04,3.7,3.24,8.89,0.53,0.7,19.4,-0.29,-0.09,,,,1.19,0.14,-0.31,0.01,0.26,0.01,-49.62,1.21,16.18,1.26,-244.52,1.27,0.52,0.16,1.87,0.15,-1.0,1.12,18.7,11.59,-6.46,,,,,,,45.8,0.7,54.0,,,2.5,c,0.03,3.1
FSR_1758,262.8,-39.808,349.217,-3.292,11.09,0.74,3.46,0.63,628000.0,55900.0,9.14,0.09,1.58,0.17,10.65,12.55,17.04,119.62,1.41,1.18,227.31,0.59,5.8,-2.881,0.026,2.519,0.025,-0.01,2.83,2.67,10.41,-1.5,0.29,18.8,-0.1,-0.05,,,,-2.69,0.72,-2.07,0.14,-0.64,0.04,-250.51,0.63,235.21,1.34,193.01,1.35,3.63,0.62,13.27,3.43,,,,,,,,,,,,,,,,,,,,
NGC_6362,262.9791,-67.04833,325.555,-17.57,7.65,0.07,5.2,0.01,127000.0,3170.0,7.45,0.06,1.87,0.08,2.89,5.13,7.23,51.84,2.19,1.6,-14.58,0.18,3.9,-5.506,0.024,-4.763,0.024,-0.0,3.05,2.69,9.42,-0.48,0.68,13.8,-0.19,-0.11,0.47,0.4,75.2,2.16,0.05,-4.12,0.04,-2.31,0.02,117.15,0.56,40.42,0.74,99.9,0.83,2.65,0.03,5.24,0.02,-0.99,0.09,15.33,7.73,-6.95,0.29,0.85,0.56,1.14,G3,0.07,-13.1,0.6,-15.6,2.8,0.4,1.09,,1.13,2.05
Liller_1,263.35233,-33.38956,354.84,-0.161,8.06,0.34,0.74,0.07,915000.0,147000.0,15.73,0.12,2.72,0.67,0.19,1.11,2.01,36.89,6.05,4.13,60.36,2.44,21.8,-5.403,0.109,-7.431,0.077,0.3,5.76,4.63,8.85,0.11,0.52,89.5,-0.42,-0.07,,,,0.15,0.34,-0.72,0.03,-0.02,0.0,-39.74,2.46,-102.38,3.33,25.72,3.83,0.09,0.05,0.86,0.09,-0.33,3.07,24.84,16.77,-7.32,,,,,,,52.0,15.0,59.2,,,2.3,,0.06,
NGC_6380,263.61861,-39.06953,350.182,-3.422,9.61,0.3,2.15,0.21,334000.0,4730.0,10.7,0.13,2.9,0.32,1.12,3.15,4.4,39.6,3.71,2.67,-1.48,0.73,8.2,-2.183,0.031,-3.233,0.03,0.01,4.14,3.53,9.2,0.24,0.75,31.0,-0.3,-0.06,,,,-1.27,0.3,-1.64,0.05,-0.57,0.02,20.39,0.76,77.45,1.37,11.55,1.4,0.3,0.05,2.1,0.23,-0.75,1.17,19.5,11.31,-7.5,,2.01,,,,,-3.6,2.5,2.1,,,1.55,c:,0.34,0.74
Ter_1,263.94667,-30.48178,357.558,0.991,5.67,0.17,2.52,0.16,150000.0,25000.0,12.4,0.12,1.73,0.35,0.32,1.52,2.15,32.33,4.78,3.27,56.75,1.61,8.1,-2.806,0.055,-4.861,0.055,0.01,4.68,3.8,8.54,-0.1,0.04,32.2,-0.43,-0.11,,,,2.51,0.17,-0.24,0.01,0.1,0.0,-61.48,1.6,99.16,1.49,1.27,1.48,0.59,0.1,2.68,0.2,-1.03,1.99,20.96,15.9,-4.41,,,,,,,114.0,14.0,122.0,,,2.5,c,0.04,3.82
Ton_2,264.03929,-38.54092,350.805,-3.414,6.99,0.34,1.76,0.19,69100.0,16200.0,11.66,0.09,2.13,0.51,1.16,2.89,4.6,22.41,2.87,1.92,-184.72,1.12,3.4,-5.904,0.031,-0.755,0.029,0.03,3.37,2.83,9.01,-0.82,0.1,13.6,-0.39,-0.12,,,,1.29,0.33,-1.11,0.05,-0.42,0.02,182.15,1.12,155.86,0.99,169.59,1.01,1.82,0.14,3.05,0.31,-0.7,1.24,19.1,12.24,-6.17,,,,,,,-184.4,2.2,-178.6,,,1.3,,0.54,1.3
NGC_6388,264.07178,-44.7355,345.556,-6.738,11.17,0.16,3.99,0.13,1250000.0,10800.0,6.82,0.05,2.19,0.06,0.42,2.57,4.34,100.55,5.34,3.26,83.11,0.45,17.4,-1.316,0.026,-2.709,0.026,-0.01,5.3,4.1,9.49,-0.43,0.5,70.2,-0.36,-0.05,1.51,0.65,99.5,-2.57,0.16,-2.77,0.04,-1.31,0.02,-49.56,0.57,78.56,1.34,-19.19,1.37,1.15,0.03,4.07,0.13,-0.55,0.37,16.85,6.72,-9.41,0.66,1.17,0.71,1.47,G2,0.01,80.1,0.8,84.2,18.9,0.8,1.75,,0.12,0.52
NGC_6402,264.40065,-3.24592,21.324,14.804,9.14,0.25,3.97,0.11,592000.0,29700.0,7.87,0.07,2.12,0.16,2.16,3.52,5.14,73.09,3.26,2.72,-60.71,0.45,9.9,-3.59,0.025,-5.059,0.025,0.01,4.0,3.66,9.49,-0.58,0.46,34.8,-0.23,-0.1,1.58,0.88,97.7,-0.06,0.23,3.21,0.09,2.34,0.06,-46.73,0.63,-20.82,1.05,19.78,1.08,0.53,0.07,4.28,0.15,-1.28,0.6,17.3,7.59,-9.1,0.57,1.25,0.81,1.64,F4,0.11,-66.1,1.8,-52.1,,,0.99,,0.79,1.3
NGC_6401,264.65219,-23.9096,3.45,3.98,8.06,0.24,0.75,0.04,145000.0,2440.0,9.9,0.12,3.28,0.16,0.53,2.43,3.28,13.25,4.12,2.69,-105.44,2.5,6.4,-2.748,0.035,1.444,0.034,0.01,4.25,3.42,8.86,0.0,0.63,25.4,-0.36,-0.11,,,,0.15,0.23,0.48,0.01,0.56,0.02,101.55,2.52,236.46,1.31,117.97,1.35,0.29,0.1,1.55,0.13,-1.02,0.72,18.0,9.45,-7.9,0.93,1.58,1.02,2.01,F9,0.15,-65.0,8.6,-55.3,,,1.69,,0.25,1.91
NGC_6397,265.17538,-53.67434,338.165,-11.96,2.48,0.02,6.01,0.02,96600.0,1260.0,5.45,0.05,1.66,0.07,0.04,2.16,3.9,52.44,6.41,2.3,18.51,0.08,5.3,3.26,0.023,-17.664,0.022,-0.0,5.29,3.09,8.94,-0.76,0.56,21.1,-0.37,-0.11,0.48,0.17,100.0,5.92,0.02,-0.9,0.01,-0.51,0.0,58.31,0.13,106.6,0.25,-130.52,0.26,2.61,0.02,6.3,0.01,-2.02,0.18,12.87,5.73,-6.64,0.12,0.73,0.49,1.03,F4,0.07,18.8,0.1,20.3,4.5,0.2,2.5,c,0.05,2.9
Pal_6,265.92581,-26.22499,2.09,1.779,7.05,0.45,1.19,0.4,94500.0,20600.0,11.6,0.11,1.53,0.34,0.95,2.22,2.89,15.48,3.43,2.67,177.0,1.35,5.3,-9.222,0.038,-5.347,0.036,0.03,3.82,3.36,8.67,0.55,0.06,19.5,-0.29,-0.13,,,,1.14,0.45,0.26,0.02,0.22,0.01,-194.09,1.35,-54.82,1.22,181.52,1.27,0.32,0.11,2.1,0.7,-0.91,1.46,19.0,11.55,-6.79,,2.83,,,,,181.0,2.8,190.2,,,1.1,,0.66,1.2
NGC_6426,266.22796,3.17014,28.087,16.234,20.71,0.35,14.45,0.33,71700.0,23800.0,11.13,0.06,1.99,0.66,2.84,5.18,8.0,86.11,1.92,1.22,-210.51,0.51,2.8,-1.828,0.026,-2.999,0.026,0.02,2.78,2.35,9.43,-0.91,0.45,10.0,-0.27,-0.11,,,,-9.36,0.3,9.36,0.16,5.79,0.1,11.2,1.44,-149.57,2.32,-28.47,2.49,3.64,0.39,16.97,0.54,-2.15,0.36,18.16,11.01,-6.67,0.35,1.02,,1.28,G1,0.15,-162.0,23.0,-146.9,,,1.7,,0.26,0.92
Djor_1,266.86958,-33.06639,356.675,-2.484,9.88,0.65,1.82,0.59,79700.0,13300.0,13.08,0.19,1.83,0.37,0.97,4.06,5.57,24.37,3.08,1.74,-359.18,1.64,3.6,-4.693,0.046,-8.468,0.041,0.02,3.48,2.7,9.11,0.28,0.62,14.3,-0.33,-0.09,,,,-1.68,0.65,-0.57,0.04,-0.43,0.03,374.13,1.63,-179.25,1.99,6.28,2.11,1.2,0.31,9.24,3.65,-1.51,1.58,21.15,13.6,-6.98,,,,,,,-362.4,3.6,-355.0,,,1.5,,0.5,1.59
Ter_5,267.0202,-24.77906,3.839,1.687,6.62,0.15,1.65,0.13,935000.0,68700.0,12.36,0.08,2.53,0.26,0.51,1.86,3.77,48.83,4.92,3.34,-82.57,0.73,15.5,-1.989,0.068,-5.243,0.066,0.06,5.04,4.11,9.35,-0.51,0.05,57.2,-0.14,-0.02,7.97,2.38,100.0,1.58,0.15,0.44,0.01,0.19,0.0,58.74,0.74,74.08,2.08,-26.6,2.12,0.25,0.04,1.63,0.15,-0.23,2.28,22.04,13.85,-7.42,2.13,2.77,,,,,-93.0,2.0,-83.5,,,1.62,,0.16,0.72
NGC_6440,267.22017,-20.36042,7.729,3.801,8.25,0.24,1.23,0.03,489000.0,47200.0,8.97,0.14,1.56,0.24,0.35,1.27,2.14,32.65,5.2,3.78,-69.39,0.93,14.6,-1.187,0.036,-4.02,0.035,0.01,5.15,4.31,8.78,0.37,0.5,57.7,-0.35,-0.09,3.93,2.74,87.5,0.02,0.24,1.11,0.03,0.55,0.02,33.49,0.94,85.97,1.37,-37.88,1.41,0.22,0.06,1.26,0.06,-0.36,1.07,18.7,9.2,-8.75,1.47,1.97,1.24,2.51,G4,0.01,-76.6,2.7,-65.9,,,1.62,,0.14,0.48
NGC_6441,267.55441,-37.05145,353.532,-5.006,12.73,0.16,4.78,0.15,1320000.0,11000.0,7.12,0.09,1.77,0.13,0.53,2.11,3.47,111.55,5.19,3.59,18.47,0.56,19.1,-2.551,0.028,-5.348,0.028,0.03,5.25,4.33,9.33,-0.3,0.5,75.2,-0.34,-0.07,1.52,1.66,55.3,-4.42,0.16,-1.43,0.02,-1.11,0.01,13.43,0.6,-103.44,1.67,-25.32,1.68,1.59,0.13,4.71,0.17,-0.46,0.47,17.51,7.15,-9.63,0.81,1.27,0.79,1.62,G2,0.02,16.5,1.0,22.9,18.0,0.2,1.74,,0.13,0.57
Ter_6,267.69325,-31.27539,358.571,-2.162,7.27,0.35,0.97,0.31,104000.0,1070.0,14.47,0.08,1.78,0.12,0.31,1.03,1.33,19.34,4.78,3.72,136.45,1.5,8.4,-4.979,0.048,-7.431,0.039,0.14,4.7,4.05,8.07,1.38,0.08,31.7,-0.33,-0.12,,,,0.91,0.35,-0.18,0.01,-0.27,0.01,-140.36,1.5,-58.96,1.45,18.73,1.59,0.2,0.03,1.13,0.35,-0.56,2.35,22.16,13.85,-7.59,,,,,,,126.0,15.0,133.9,,,2.5,c,0.05,0.44
NGC_6453,267.71551,-34.59848,355.718,-3.872,10.07,0.22,2.1,0.19,165000.0,3630.0,9.19,0.13,1.47,0.18,0.1,2.73,3.85,30.58,5.75,2.54,-99.23,1.24,7.2,0.203,0.036,-5.934,0.037,-0.04,5.11,3.33,9.0,0.03,0.62,29.2,-0.37,-0.1,,,,-1.84,0.22,-0.75,0.02,-0.68,0.01,115.73,1.24,22.09,1.74,-138.07,1.71,0.48,0.16,2.58,0.23,-1.5,0.64,17.88,10.08,-7.22,0.68,1.31,0.99,2.0,F8,0.09,-83.7,8.3,-76.7,,,2.5,c,0.05,0.44
UKS_1,268.61331,-24.14528,5.125,0.764,15.58,0.56,7.47,0.54,77000.0,0.0,17.3,0.0,1.8,0.0,1.1,2.87,3.84,47.13,3.09,2.22,59.38,2.63,4.2,-2.04,0.095,-2.754,0.063,-0.05,3.55,3.02,8.85,0.11,0.64,15.7,-0.34,-0.11,,,,-7.34,0.56,1.39,0.05,0.21,0.01,-92.36,2.66,6.82,5.36,35.16,6.48,0.47,0.11,7.76,0.69,-0.64,3.14,24.9,17.29,-6.91,,,,,,,57.0,6.0,66.7,,,2.1,,0.15,
VVV-CL001,268.67708,-24.01472,5.267,0.78,8.08,1.48,0.76,0.68,135000.0,31500.0,17.7,0.0,3.92,2.08,0.54,2.21,2.94,18.29,4.09,2.84,-327.28,0.9,6.4,-3.487,0.144,-1.652,0.107,0.26,4.24,3.5,8.75,0.14,0.64,25.4,-0.35,-0.11,,,,0.13,1.48,0.74,0.14,0.11,0.02,304.68,0.98,100.46,4.46,86.1,5.18,0.76,0.32,3.61,1.79,,,,,,,,,,,,,,,,,,,,
NGC_6496,269.76535,-44.26595,348.027,-10.014,9.64,0.15,2.81,0.09,68900.0,7260.0,8.65,0.1,1.63,0.22,2.54,4.4,6.42,28.78,2.09,1.49,-134.72,0.26,3.0,-3.06,0.027,-9.271,0.026,0.01,2.9,2.52,9.18,0.02,0.58,10.4,-0.22,-0.09,1.21,0.63,97.1,-1.11,0.15,-1.97,0.03,-1.68,0.03,223.08,0.41,-147.22,1.18,-46.09,1.19,2.62,0.12,4.62,0.28,-0.46,0.15,16.47,8.54,-7.2,0.45,0.98,,,G4,0.16,-112.7,5.7,-108.4,,,0.7,,0.95,1.02
Ter_9,270.41167,-26.83972,3.603,-1.989,5.77,0.34,2.46,0.32,120000.0,14100.0,12.73,0.13,3.21,0.54,0.25,1.6,1.9,29.71,4.92,3.32,68.49,0.56,7.8,-2.121,0.052,-7.763,0.049,0.03,4.74,3.8,8.38,1.15,0.03,31.3,-0.36,-0.09,,,,2.42,0.34,0.36,0.02,-0.2,0.01,-90.93,0.57,43.54,1.34,-49.49,1.4,0.39,0.1,2.47,0.39,-1.05,1.76,20.35,16.0,-3.71,,,,,,,59.0,10.0,68.1,,,2.5,c,0.03,0.78
Djor_2,270.45438,-27.82582,2.763,-2.508,8.76,0.18,0.8,0.13,125000.0,3460.0,10.7,0.15,3.64,0.38,1.19,4.29,5.16,12.07,3.1,2.06,-149.75,1.1,4.3,0.662,0.042,-2.983,0.037,0.0,3.6,2.98,9.03,1.84,0.76,16.4,-0.26,-0.03,,,,-0.57,0.18,0.42,0.01,-0.38,0.01,137.5,1.1,150.69,1.59,-71.13,1.69,0.62,0.15,0.84,0.12,-0.65,0.94,17.6,9.9,-7.0,,,,,,,,,,,,1.5,,0.33,1.05
NGC_6517,270.46075,-8.95878,19.225,6.762,9.23,0.56,3.24,0.26,195000.0,27900.0,10.69,0.07,2.34,0.35,0.13,1.68,2.29,43.38,5.68,3.29,-35.06,1.65,9.9,-1.551,0.029,-4.47,0.028,0.03,5.22,3.85,8.64,0.29,0.35,40.7,-0.37,-0.11,,,,-0.47,0.52,3.02,0.18,1.09,0.07,-49.29,1.6,49.57,1.29,-31.8,1.26,0.44,0.05,3.36,0.25,-1.23,1.08,19.1,10.23,-8.25,0.85,1.75,,2.31,F8,0.06,-39.6,8.0,-26.5,,,1.82,,0.06,0.5
Ter_10,270.74083,-26.06694,4.421,-1.864,10.21,0.4,2.17,0.37,302000.0,55500.0,14.73,0.12,5.54,1.14,0.26,3.43,4.6,33.96,5.02,2.57,211.37,2.27,8.8,-6.827,0.059,-2.588,0.05,0.01,4.84,3.43,9.22,-0.0,0.62,36.1,-0.41,-0.07,,,,-2.0,0.4,0.79,0.03,-0.33,0.01,-250.01,2.26,-1.78,2.51,226.33,2.79,1.01,0.23,5.44,0.93,,,,,,,,,,,,,,,,,,,,
NGC_6522,270.89198,-30.03397,1.025,-3.926,7.29,0.21,1.04,0.17,211000.0,13200.0,8.15,0.07,2.43,0.17,0.42,2.45,3.08,23.28,4.56,2.93,-15.23,0.49,8.2,2.566,0.039,-6.438,0.036,-0.02,4.58,3.62,8.85,0.8,0.73,32.5,-0.34,-0.06,1.43,2.21,24.4,0.9,0.21,0.13,0.0,-0.5,0.01,14.13,0.5,100.77,1.27,-177.41,1.32,0.45,0.12,1.31,0.15,-1.34,0.48,16.52,8.27,-7.65,0.65,1.21,0.76,1.51,F7/8,0.06,-21.1,3.4,-12.9,6.7,0.7,2.5,c,0.05,1.0
NGC_6535,270.96045,-0.29764,27.176,10.436,6.36,0.12,4.04,0.02,21900.0,3720.0,10.1,0.05,2.64,0.46,0.08,2.67,3.65,25.75,4.97,1.73,-214.85,0.46,2.7,-4.214,0.027,-2.939,0.026,0.01,4.3,2.49,8.54,0.02,0.79,11.0,-0.38,-0.13,,,,2.61,0.11,2.86,0.06,1.15,0.02,125.55,0.56,27.46,0.75,38.53,0.8,0.97,0.05,4.52,0.04,-1.79,0.34,15.75,10.47,-4.75,0.29,0.94,,,G0,0.08,-215.1,0.5,-200.4,2.4,0.5,1.33,,0.36,0.85
NGC_6528,271.2067,-30.05578,1.139,-4.174,7.83,0.24,0.7,0.1,56700.0,6540.0,9.71,0.11,1.78,0.26,0.33,1.91,2.73,8.41,4.24,2.53,211.86,0.43,4.7,-2.157,0.043,-5.649,0.039,-0.03,4.18,3.15,8.46,0.89,0.78,18.5,-0.32,-0.04,,,,0.37,0.24,0.16,0.0,-0.57,0.02,-224.45,0.45,34.29,1.5,-40.01,1.57,0.42,0.08,0.92,0.3,-0.11,0.54,16.95,9.6,-6.57,1.09,1.53,0.9,1.74,G3,0.11,206.6,1.4,214.9,,,1.5,,0.13,0.38
NGC_6539,271.20728,-7.58586,20.795,6.776,8.16,0.39,3.09,0.07,209000.0,17200.0,9.94,0.06,1.91,0.17,1.52,3.68,5.18,45.41,3.19,2.25,35.19,0.5,5.9,-6.896,0.026,-3.537,0.026,0.01,3.74,3.18,9.22,0.37,0.53,22.1,-0.28,-0.05,1.94,1.15,95.9,0.6,0.36,2.88,0.14,0.96,0.05,-113.23,0.59,25.68,0.96,178.92,1.01,2.11,0.14,3.41,0.16,-0.63,1.02,18.33,9.33,-8.29,1.01,1.83,,2.23,G4,0.08,31.0,1.7,44.4,,,1.74,,0.38,1.7
NGC_6540,271.53566,-27.76529,3.285,-3.313,5.91,0.27,2.34,0.25,34500.0,12400.0,9.74,0.19,1.39,0.52,0.06,2.66,5.32,17.05,5.14,1.44,-16.5,0.78,2.5,-3.702,0.032,-2.791,0.032,-0.02,4.37,2.4,9.09,-1.51,0.19,9.7,-0.36,-0.12,,,,2.29,0.27,0.34,0.02,-0.34,0.02,-4.5,0.78,132.96,0.89,60.79,0.89,1.07,0.16,2.32,0.27,-1.35,0.66,16.25,9.3,-6.35,,,,,,,-17.7,1.4,-8.8,,,2.5,,0.03,
NGC_6544,271.83383,-24.99822,5.837,-2.202,2.58,0.06,5.62,0.06,91400.0,5500.0,7.86,0.23,2.58,0.57,0.16,1.53,2.07,48.64,5.34,3.09,-38.46,0.67,7.0,-2.304,0.031,-18.604,0.03,0.01,4.9,3.6,8.36,0.52,0.72,29.0,-0.4,-0.08,,,,5.61,0.06,0.26,0.01,-0.1,0.0,8.78,0.67,36.33,0.38,-77.12,0.38,0.6,0.09,5.54,0.1,-1.4,0.76,15.3,7.77,-6.94,0.73,1.46,0.98,1.92,F9,0.22,-27.3,3.9,-17.7,,,1.63,c:,0.05,1.21
NGC_6541,272.00983,-43.71489,349.286,-11.188,7.61,0.1,2.19,0.01,293000.0,8780.0,6.61,0.05,1.75,0.08,0.09,2.29,4.34,38.94,5.99,2.64,-163.97,0.46,8.6,0.287,0.025,-8.847,0.025,0.0,5.31,3.48,9.29,-0.78,0.5,34.9,-0.38,-0.11,3.73,1.15,100.0,0.84,0.1,-1.39,0.02,-1.48,0.02,228.32,0.5,12.92,0.87,-112.1,0.88,1.56,0.04,3.59,0.02,-1.81,0.14,15.35,6.3,-8.52,0.13,0.76,0.49,1.01,F6,0.12,-158.7,2.3,-154.2,8.2,2.1,1.86,c:,0.18,1.06
2MASS-GC01,272.09085,-19.82972,10.471,0.1,3.37,0.62,4.9,0.57,35100.0,0.0,27.7,0.0,1.8,0.0,0.5,3.53,4.7,28.9,3.43,1.62,-31.28,0.5,2.7,-1.121,0.296,-1.881,0.235,0.28,3.54,2.49,8.81,0.1,0.62,11.2,-0.38,-0.08,,,,4.86,0.61,0.61,0.11,0.01,0.0,13.3,0.87,212.15,3.92,8.27,4.5,3.67,0.59,5.11,0.55,,6.8,34.5,27.74,-6.11,,,,,,,,,,,,0.85,,0.85,1.65
ESO_280-SC06,272.275,-46.42333,346.899,-12.571,20.95,0.65,13.41,0.61,7800.0,1930.0,12.51,0.11,1.72,0.46,2.38,7.02,9.65,44.09,1.01,0.03,93.2,0.34,0.8,-0.688,0.039,-2.777,0.033,0.09,1.81,1.23,9.08,-0.09,0.62,3.2,-0.31,-0.08,,,,-11.73,0.61,-4.63,0.14,-4.56,0.14,-23.86,1.08,-35.62,3.37,-72.64,3.69,1.41,0.35,13.81,0.71,-1.8,0.07,17.4,12.0,-4.87,,,,,,,,,,,,0.9,,0.6,1.05
NGC_6553,272.31532,-25.90775,5.25,-3.023,5.33,0.13,2.93,0.12,285000.0,15800.0,8.05,0.07,3.22,0.25,0.87,2.33,4.56,48.25,3.83,2.56,-0.27,0.34,7.5,0.344,0.03,-0.454,0.029,0.01,4.18,3.43,9.26,-0.42,0.5,28.7,-0.35,-0.11,2.33,0.82,100.0,2.88,0.13,0.49,0.01,-0.28,0.01,-10.68,0.35,246.32,0.75,-5.88,0.76,2.81,0.13,3.59,0.1,-0.18,0.63,16.6,8.06,-7.77,1.34,1.73,1.01,2.13,G4,0.17,-3.2,1.5,6.1,,,1.16,,0.53,1.03
2MASS-GC02,272.4021,-20.77889,9.782,-0.615,5.5,0.44,2.91,0.37,15800.0,0.0,24.6,0.0,1.8,0.0,0.63,2.2,2.85,15.28,3.04,1.91,-237.75,10.1,2.2,4.0,0.9,-4.7,0.8,0.0,3.24,2.58,8.31,0.6,0.67,8.5,-0.33,-0.13,,,,2.76,0.43,0.93,0.07,-0.06,0.0,215.12,10.52,155.55,21.3,-140.82,22.82,0.87,0.21,6.11,0.84,-1.08,5.16,30.1,24.6,-4.86,,,,,,,-238.0,36.0,-227.4,,,0.95,,0.55,0.55
NGC_6558,272.57397,-31.76451,0.199,-6.023,7.47,0.29,1.08,0.17,26500.0,817.0,9.66,0.16,1.16,0.07,0.17,1.47,1.7,9.51,4.8,2.81,-195.12,0.73,4.1,-1.72,0.036,-4.144,0.034,0.04,4.39,3.24,7.95,1.4,0.63,16.5,-0.35,-0.08,,,,0.75,0.29,0.03,0.0,-0.78,0.03,184.06,0.74,93.4,1.2,11.89,1.25,0.51,0.04,1.41,0.34,-1.32,0.44,16.3,9.26,-6.44,0.58,1.11,0.71,1.46,F7,,-197.2,1.5,-189.4,3.1,0.9,2.5,c,0.03,2.15
IC_1276,272.68444,-7.2076,21.832,5.668,4.55,0.25,4.34,0.17,73900.0,6980.0,9.92,0.07,1.8,0.2,1.18,3.15,5.21,37.32,2.9,1.8,155.06,0.69,3.6,-2.553,0.026,-4.568,0.026,0.01,3.38,2.72,9.07,-0.25,0.49,13.6,-0.32,-0.1,,,,3.97,0.23,1.69,0.09,0.45,0.02,-196.18,0.67,204.71,0.57,24.29,0.56,3.69,0.09,6.91,0.41,-0.75,1.08,17.7,10.34,-6.67,1.03,1.76,,,,,155.7,1.3,169.2,,,1.33,,1.01,2.38
Ter_12,273.06583,-22.74194,8.358,-2.101,5.17,0.38,3.17,0.34,87200.0,19500.0,13.82,0.12,3.69,0.91,0.84,1.72,3.28,32.11,3.32,2.47,95.61,1.21,4.3,-6.222,0.037,-3.052,0.034,0.13,3.72,3.26,8.89,-2.3,0.09,17.6,-0.38,-0.13,,,,3.07,0.38,0.75,0.06,-0.19,0.01,-129.34,1.2,129.47,0.85,101.58,0.89,1.8,0.2,3.73,0.4,-0.5,2.06,20.5,15.63,-4.14,,,,,,,94.1,1.5,104.2,,,0.57,,0.83,0.75
NGC_6569,273.41167,-31.82689,0.481,-6.681,10.53,0.26,2.59,0.23,236000.0,21500.0,8.9,0.12,2.25,0.22,1.1,2.59,3.85,41.61,3.58,2.69,-49.83,0.5,7.3,-4.125,0.028,-7.354,0.028,0.01,4.03,3.49,9.06,-0.07,0.59,27.3,-0.26,-0.12,0.81,0.91,52.3,-2.28,0.26,0.09,0.0,-1.23,0.03,33.66,0.52,-169.1,1.4,23.3,1.38,1.69,0.32,2.71,0.27,-0.76,0.53,17.52,8.55,-8.28,0.74,1.34,0.83,1.69,G1,0.0,-28.1,5.6,-20.3,,,1.31,,0.35,0.8
BH_261,273.5275,-28.635,3.362,-5.27,6.12,0.26,2.2,0.23,22000.0,1170.0,10.75,0.15,7.88,0.51,0.34,2.66,4.66,16.48,3.54,1.41,-45.0,15.0,2.1,3.566,0.043,-3.59,0.037,0.1,3.47,2.33,8.92,-1.7,0.4,8.6,-0.39,-0.13,,,,2.1,0.26,0.36,0.02,-0.56,0.02,43.96,14.89,205.88,1.42,-128.23,1.84,1.62,0.27,3.12,0.27,-1.3,0.36,15.8,11.0,-4.19,,,,,,0.03,,,,,,1.0,,0.4,0.55
NGC_6584,274.65665,-52.21578,342.143,-16.414,13.61,0.17,6.99,0.15,102000.0,17300.0,8.76,0.05,1.34,0.23,1.55,3.44,5.37,55.84,2.78,1.9,260.64,1.58,4.0,-0.09,0.026,-7.202,0.025,-0.01,3.37,2.84,9.2,-0.63,0.54,15.1,-0.33,-0.12,,,,-4.25,0.16,-4.0,0.05,-3.85,0.05,-69.47,1.6,-217.32,1.64,-237.76,1.65,2.28,0.18,19.72,1.06,-1.5,0.1,16.53,8.27,-7.69,0.17,0.76,0.5,1.04,F6,,222.9,15.0,224.9,,,1.47,,0.26,0.73
NGC_6624,275.91879,-30.36103,2.788,-7.913,8.02,0.11,1.2,0.01,156000.0,3920.0,8.03,0.08,2.09,0.14,0.33,2.33,3.69,19.45,5.05,2.61,54.79,0.4,7.0,0.124,0.029,-6.936,0.029,-0.0,4.69,3.36,8.91,0.32,0.75,29.1,-0.36,-0.05,0.87,1.04,46.7,0.24,0.11,0.39,0.01,-1.1,0.01,-59.67,0.43,21.3,1.09,-122.54,1.09,0.3,0.04,1.38,0.05,-0.44,0.28,16.09,7.87,-7.49,0.6,1.11,0.67,1.42,G4/5,0.06,53.9,0.6,62.1,5.4,0.5,2.5,c,0.06,0.82
NGC_6626,276.13704,-24.86985,7.798,-5.581,5.37,0.1,3.02,0.09,299000.0,19400.0,6.85,0.07,2.14,0.18,0.29,1.6,2.26,47.61,5.11,3.49,11.11,0.6,11.3,-0.278,0.028,-8.922,0.028,-0.01,5.0,4.05,8.72,-0.01,0.69,45.2,-0.42,-0.11,2.42,1.08,100.0,2.88,0.1,0.72,0.01,-0.52,0.01,-40.4,0.6,49.45,0.71,-91.45,0.72,0.59,0.08,3.03,0.12,-1.32,0.4,15.55,6.79,-8.16,0.46,1.08,0.69,1.41,F8,0.16,17.0,1.0,26.6,8.6,1.3,1.67,,0.24,1.97
NGC_6638,277.73373,-25.49747,7.896,-7.153,9.78,0.34,2.3,0.25,118000.0,22300.0,8.79,0.11,1.48,0.31,0.46,1.86,2.2,29.94,4.31,3.12,8.63,2.0,6.9,-2.518,0.029,-4.076,0.029,0.01,4.38,3.67,8.49,1.58,0.74,26.8,-0.33,-0.1,,,,-1.43,0.33,1.33,0.05,-1.22,0.04,-52.36,1.98,34.69,1.34,25.43,1.34,0.33,0.09,2.3,0.27,-0.95,0.41,16.8,9.02,-7.12,0.56,1.15,0.72,1.5,G0,0.01,18.1,3.9,27.5,,,1.33,,0.22,0.51
NGC_6637,277.84625,-32.34808,1.723,-10.269,8.9,0.1,1.71,0.05,155000.0,18100.0,7.62,0.05,1.72,0.21,0.85,2.41,3.69,25.34,3.65,2.57,47.48,1.0,6.1,-5.034,0.028,-5.832,0.028,0.04,4.0,3.35,8.95,0.06,0.61,23.3,-0.3,-0.12,,,,-0.58,0.1,0.26,0.0,-1.59,0.02,-82.31,1.01,-59.6,1.16,82.05,1.15,0.39,0.09,2.06,0.08,-0.64,0.18,15.98,7.64,-7.64,0.48,1.01,0.62,1.28,G2/3,0.01,39.9,2.8,47.5,,,1.38,,0.33,0.84
NGC_6642,277.97596,-23.4756,9.815,-6.439,8.05,0.2,1.66,0.01,34400.0,1110.0,9.65,0.12,1.22,0.07,0.17,1.34,1.51,15.42,4.86,3.08,-60.61,1.35,4.8,-0.173,0.03,-3.892,0.03,0.0,4.5,3.46,7.92,1.33,0.69,19.4,-0.32,-0.08,,,,0.3,0.2,1.36,0.03,-0.9,0.02,31.9,1.35,107.28,1.15,-46.7,1.16,0.29,0.06,1.82,0.07,-1.26,0.4,16.4,9.13,-6.66,0.57,1.11,0.72,1.45,F8,0.03,-57.2,5.4,-47.3,,,1.99,c:,0.1,0.73
NGC_6652,278.94012,-32.99072,1.534,-11.377,9.46,0.14,2.18,0.09,48100.0,7040.0,8.92,0.05,1.8,0.27,0.26,1.47,1.96,18.84,4.57,2.88,-95.37,0.86,4.9,-5.484,0.027,-4.274,0.027,0.01,4.36,3.37,8.19,1.04,0.69,19.6,-0.36,-0.06,,,,-1.1,0.14,0.25,0.0,-1.87,0.03,47.01,0.88,-27.39,1.21,164.85,1.2,0.32,0.05,3.11,0.16,-0.81,0.09,15.96,8.62,-6.66,0.37,0.94,0.52,1.08,G3,0.2,-111.7,5.8,-104.3,,,1.8,,0.1,0.48
NGC_6656,279.09976,-23.90475,9.892,-7.552,3.3,0.04,5.0,0.03,476000.0,5040.0,5.06,0.06,2.05,0.08,1.04,3.15,5.29,77.2,3.95,2.59,-148.72,0.78,8.9,9.851,0.023,-5.617,0.023,-0.0,4.3,3.52,9.52,-0.95,0.45,35.2,-0.37,-0.08,3.38,0.71,100.0,4.95,0.04,0.56,0.01,-0.43,0.0,155.33,0.76,212.81,0.38,-148.93,0.37,2.96,0.02,9.59,0.03,-1.7,0.34,14.15,5.1,-8.5,0.28,0.98,0.68,1.42,F5,0.14,-146.3,0.2,-136.6,7.8,0.3,1.38,,1.33,3.36
Pal_8,280.37729,-19.82886,14.103,-6.801,11.32,0.63,4.09,0.51,67400.0,15000.0,11.02,0.0,6.34,1.84,1.95,3.43,5.86,34.48,2.35,1.6,-31.54,0.21,3.1,-1.987,0.027,-5.694,0.027,0.01,3.05,2.59,9.15,-0.29,0.45,11.6,-0.28,-0.11,,,,-2.72,0.61,2.74,0.15,-1.34,0.07,-54.28,0.44,-67.83,1.41,-29.24,1.43,1.15,0.37,4.13,0.58,-0.37,0.32,17.27,11.02,-5.51,0.72,1.22,,,,,-43.0,15.0,-32.3,,,1.53,,0.56,0.58
NGC_6681,280.80316,-32.29211,2.853,-12.51,9.36,0.11,2.29,0.06,116000.0,1680.0,7.91,0.05,1.84,0.07,0.07,2.14,2.89,27.72,6.33,2.76,216.62,0.84,7.1,1.431,0.027,-4.744,0.026,0.01,5.38,3.42,8.71,0.15,0.69,29.4,-0.38,-0.12,,,,-0.95,0.1,0.45,0.01,-2.03,0.02,-199.26,0.86,95.78,1.16,-180.89,1.16,0.86,0.04,4.97,0.16,-1.62,0.07,15.55,7.87,-7.12,0.12,0.72,0.47,0.99,F5,0.01,220.3,0.9,227.8,5.2,0.5,2.5,c,0.03,0.71
RLGC_2,281.36737,-5.19258,,,15.85,2.2,9.4,1.95,243000.0,0.0,13.9,0.0,1.8,0.0,0.24,3.38,4.87,92.98,5.7,2.41,,,7.6,,,,,,5.02,3.29,9.23,-0.2,0.57,31.6,-0.39,-0.07,,,,,,,,,,,,,,,,,,,,,,,,,,,,,,,,,,,,,,,
NGC_6712,283.26802,-8.70596,25.354,-4.318,7.38,0.24,3.55,0.01,96300.0,7150.0,8.6,0.06,1.58,0.13,1.06,2.53,3.21,33.66,3.3,2.54,-107.45,0.29,5.1,3.363,0.027,-4.436,0.027,0.02,3.74,3.27,8.73,0.84,0.7,18.6,-0.27,-0.1,0.58,0.69,45.8,1.53,0.21,3.15,0.1,-0.56,0.02,61.03,0.48,123.47,0.85,-159.22,0.94,0.41,0.06,4.85,0.1,-1.02,0.45,16.25,8.1,-7.5,0.53,1.17,0.72,1.57,F9,0.11,-107.6,0.5,-94.7,4.3,0.4,1.05,,0.76,1.33
NGC_6715,283.76385,-30.47986,5.607,-14.087,26.28,0.33,18.51,0.32,1780000.0,29900.0,7.57,0.08,2.1,0.12,0.54,3.58,5.2,283.3,5.18,3.19,143.13,0.43,19.2,-2.679,0.025,-1.387,0.025,0.0,5.25,4.09,9.65,-0.28,0.54,76.8,-0.37,-0.02,0.57,1.11,18.5,-17.19,0.32,2.49,0.03,-6.4,0.08,-235.26,0.93,-18.45,3.14,202.82,3.07,14.61,0.39,46.32,2.23,-1.49,0.15,18.16,7.6,-9.98,0.24,0.85,0.53,1.1,F7/8,0.06,141.3,0.3,149.2,10.5,0.3,2.04,,0.09,0.82
NGC_6717,283.77518,-22.70147,12.876,-10.9,7.52,0.13,2.38,0.02,35800.0,8300.0,8.98,0.05,1.55,0.36,0.2,3.65,4.23,19.8,4.37,1.75,30.25,0.9,3.3,-3.125,0.027,-5.008,0.027,0.03,4.09,2.57,8.73,1.19,0.88,13.6,-0.36,-0.06,,,,0.98,0.13,1.65,0.03,-1.42,0.02,-91.33,0.91,56.18,0.97,26.56,0.97,0.74,0.03,2.54,0.05,-1.26,0.22,15.55,9.28,-5.66,0.35,1.0,0.65,1.37,F6,0.01,22.8,3.4,32.7,,,2.07,,0.08,0.68
NGC_6723,284.88812,-36.63225,0.069,-17.299,8.27,0.1,2.47,0.02,177000.0,10700.0,7.21,0.05,2.01,0.14,1.68,3.55,5.06,37.16,2.96,2.22,-94.39,0.26,5.5,1.028,0.025,-2.418,0.025,0.0,3.6,3.14,9.21,-0.11,0.63,20.0,-0.32,-0.11,0.84,0.55,93.0,0.28,0.09,0.01,0.0,-2.46,0.03,100.34,0.39,178.46,1.0,-33.43,0.96,2.08,0.05,2.82,0.03,-1.1,0.05,15.48,7.01,-7.83,0.21,0.75,0.5,1.05,F9,0.0,-94.5,3.6,-88.3,,,1.11,c:,0.83,1.53
NGC_6749,286.31406,1.89976,36.2,-2.205,7.59,0.21,4.94,0.04,211000.0,42800.0,10.91,0.08,1.4,0.29,1.44,4.54,7.09,63.4,3.04,1.87,-58.44,0.96,5.1,-2.829,0.028,-6.006,0.027,0.01,3.62,2.93,9.51,-0.59,0.47,19.9,-0.4,-0.06,,,,2.06,0.17,4.48,0.13,-0.29,0.01,-104.72,0.97,24.89,0.98,1.07,1.0,1.43,0.05,4.95,0.04,-1.6,1.5,19.7,12.44,-6.7,0.8,2.14,,,,,-61.7,2.9,-47.2,,,0.79,,0.62,1.1
NGC_6752,287.7171,-59.98455,336.493,-25.628,4.12,0.04,5.3,0.02,276000.0,3790.0,5.35,0.06,2.34,0.11,0.13,2.87,5.27,67.43,5.93,2.36,-26.01,0.12,7.6,-3.161,0.022,-4.027,0.022,-0.01,5.2,3.28,9.4,-0.83,0.64,31.7,-0.38,-0.11,0.91,0.34,99.9,4.77,0.03,-1.48,0.01,-1.78,0.02,27.28,0.27,172.29,0.41,60.49,0.4,3.37,0.03,5.48,0.01,-1.54,0.04,13.7,5.4,-7.73,0.07,0.66,0.43,0.93,F4/5,0.04,-26.7,0.2,-27.3,4.9,0.4,2.5,c,0.17,1.91
NGC_6760,287.80027,1.03047,36.108,-3.924,8.41,0.43,5.17,0.14,269000.0,24600.0,8.89,0.06,1.8,0.18,1.07,3.25,5.22,71.6,3.54,2.37,-2.37,1.27,6.8,-1.107,0.026,-3.615,0.026,0.02,3.98,3.29,9.28,0.22,0.5,26.3,-0.3,-0.05,,,,1.4,0.35,4.95,0.25,-0.58,0.03,-95.12,1.19,129.92,1.12,-19.36,1.04,1.85,0.06,5.8,0.18,-0.4,0.77,17.46,8.88,-7.84,1.09,1.66,1.01,2.12,G5,0.04,-27.5,6.3,-13.2,,,1.65,,0.34,1.27
NGC_6779,289.14819,30.18347,62.659,8.336,10.43,0.14,9.91,0.09,186000.0,17600.0,8.15,0.06,1.74,0.18,1.18,2.95,4.51,96.87,3.35,2.39,-136.97,0.45,6.0,-2.018,0.025,1.618,0.025,0.01,3.83,3.26,9.17,-0.49,0.67,22.7,-0.33,-0.11,1.09,1.52,35.1,3.44,0.06,9.17,0.13,1.51,0.02,83.29,1.14,128.07,0.72,111.1,1.23,1.27,0.08,13.14,0.16,-1.98,0.26,16.18,8.27,-7.41,0.15,0.86,,1.16,F5,0.03,-135.6,0.9,-119.1,4.0,0.6,1.38,,0.44,1.1
Ter_7,289.43298,-34.65772,3.387,-20.067,24.28,0.49,16.85,0.47,24000.0,4100.0,11.86,0.05,2.14,0.37,4.28,6.33,13.21,64.78,0.87,0.1,159.85,0.14,1.2,-3.002,0.029,-1.651,0.029,0.05,1.9,1.44,9.69,-1.36,0.2,4.6,-0.29,-0.1,,,,-14.59,0.46,1.35,0.03,-8.33,0.17,-267.85,1.15,-28.59,3.28,197.6,3.1,14.56,0.55,51.29,4.4,-0.32,0.07,17.76,12.0,-5.01,,,,,,,166.0,4.0,172.5,,,0.93,,0.49,0.77
Pal_10,289.50693,18.57899,52.442,2.73,8.94,1.18,7.6,0.59,162000.0,27400.0,12.37,0.05,1.88,0.32,2.09,4.02,6.33,67.29,2.63,1.89,-31.7,0.23,4.6,-4.322,0.029,-7.173,0.029,0.02,3.36,2.92,9.35,-0.35,0.43,17.3,-0.27,-0.08,,,,2.73,0.72,7.08,0.94,0.43,0.06,-272.21,0.98,10.28,0.76,26.32,1.21,6.45,1.07,12.73,4.95,-0.1,1.66,19.8,13.22,-5.79,,,,,,,-31.7,0.4,-15.6,,,0.58,,0.81,0.99
Arp_2,292.18381,-30.35564,8.545,-20.785,28.73,0.34,21.39,0.33,37000.0,6130.0,11.65,0.06,1.8,0.31,7.84,14.17,18.45,85.77,0.4,-0.15,122.64,0.29,1.3,-2.331,0.031,-1.475,0.029,0.05,1.69,1.34,9.77,0.03,0.62,4.6,-0.18,-0.04,4.06,4.15,67.6,-18.38,0.32,3.99,0.05,-10.19,0.12,-249.15,1.65,-12.89,3.98,178.06,3.96,17.81,0.4,52.13,2.45,-1.75,0.1,18.13,12.3,-5.29,,0.86,,,,,115.0,10.0,122.4,,,0.88,,1.19,1.77
NGC_6809,294.99878,-30.96475,8.793,-23.272,5.35,0.05,4.01,0.03,193000.0,8190.0,6.29,0.05,2.06,0.1,2.9,4.58,6.95,51.52,2.39,1.84,174.7,0.17,4.9,-3.432,0.024,-9.311,0.024,0.01,3.26,2.91,9.55,-1.04,0.53,17.3,-0.26,-0.11,0.88,0.38,99.9,3.32,0.05,0.75,0.01,-2.11,0.02,-210.75,0.3,28.64,0.6,-55.64,0.56,1.57,0.01,5.62,0.04,-1.94,0.08,14.4,6.32,-7.57,0.11,0.72,0.48,1.0,F4,0.02,174.7,0.3,181.8,4.0,0.3,0.93,,1.8,2.83
Ter_8,295.43503,-33.99947,5.759,-24.559,27.54,0.42,20.43,0.4,62100.0,14000.0,11.05,0.05,1.79,0.41,10.62,15.17,21.53,101.42,0.3,-0.13,148.43,0.17,1.6,-2.496,0.027,-1.581,0.026,-0.02,1.72,1.45,10.12,-1.26,0.12,5.4,-0.18,-0.04,0.79,1.51,37.5,-16.74,0.38,2.51,0.04,-11.44,0.17,-278.25,1.51,-15.95,3.39,172.9,3.21,17.62,0.5,60.49,4.16,-2.16,0.12,17.95,12.4,-5.07,,,,,,,130.0,8.0,136.2,,,0.6,,1.0,0.95
Pal_11,296.31,-8.00722,31.805,-15.576,14.02,0.51,8.7,0.41,11900.0,4910.0,11.86,0.05,1.26,0.52,4.08,5.75,7.72,31.87,0.84,0.49,-67.64,0.76,1.2,-1.766,0.03,-4.971,0.028,0.04,1.85,1.62,8.94,1.06,0.14,3.9,-0.1,-0.07,,,,-3.3,0.42,7.12,0.26,-3.77,0.14,-130.37,1.28,-83.85,1.67,-12.65,1.91,4.56,0.67,8.72,0.43,-0.4,0.35,17.46,9.8,-6.92,,1.27,,,,,-68.0,10.0,-56.0,,,0.57,,1.19,1.46
Sagittarius_II,298.16471,-22.06525,18.937,-22.893,66.53,1.56,59.54,1.51,18500.0,3370.0,14.04,0.13,1.48,0.31,20.39,29.0,39.31,151.12,-1.06,-1.43,-175.73,0.37,0.6,-0.804,0.044,-0.882,0.028,-0.29,0.64,0.4,10.23,-0.65,0.44,2.1,-0.12,-0.02,,,,-49.79,1.36,19.89,0.47,-25.88,0.61,-21.76,6.54,-115.32,8.81,200.37,12.19,42.34,3.95,92.2,9.3,,,,,,,,,,,,,,,,,,,,
NGC_6838,298.44373,18.77919,56.746,-4.564,4.0,0.05,6.86,0.01,65600.0,3270.0,7.16,0.04,1.72,0.1,1.48,3.41,6.57,43.17,2.51,1.47,-22.72,0.2,2.8,-3.416,0.025,-2.656,0.024,0.0,3.11,2.51,9.32,-1.37,0.45,11.1,-0.37,-0.1,0.74,0.42,97.8,5.99,0.03,3.34,0.04,-0.32,0.0,-63.87,0.4,193.41,0.3,38.98,0.46,4.81,0.02,7.12,0.01,-0.78,0.25,14.48,8.19,-5.61,0.63,1.09,0.63,1.36,G1,0.0,-22.8,0.2,-7.5,2.3,0.2,1.15,,0.63,1.67
NGC_6864,301.51978,-21.92116,20.304,-25.747,20.52,0.45,14.3,0.42,370000.0,69900.0,8.51,0.05,1.66,0.32,0.38,2.06,2.96,153.65,4.96,3.24,-189.08,1.12,11.1,-0.598,0.026,-2.81,0.026,0.02,4.91,3.91,8.95,0.04,0.61,44.6,-0.37,-0.07,,,,-9.15,0.38,6.41,0.14,-8.91,0.2,69.74,1.66,-72.26,2.42,51.83,2.35,1.14,0.22,16.19,0.57,-1.29,0.16,17.7,8.52,-8.57,0.28,0.87,0.55,1.16,F9,0.07,-189.3,3.6,-180.8,10.3,1.5,1.8,,0.09,0.46
NGC_6934,308.54739,7.40447,52.103,-18.893,15.72,0.17,12.83,0.14,136000.0,19100.0,8.74,0.05,1.52,0.22,1.22,2.95,5.16,86.4,3.15,2.08,-406.22,0.73,4.8,-2.655,0.026,-4.689,0.026,0.01,3.64,3.0,9.26,-0.74,0.52,18.5,-0.37,-0.12,,,,-0.96,0.1,11.73,0.13,-5.09,0.06,-87.98,1.63,-301.89,1.4,122.08,1.85,2.96,0.2,42.26,1.67,-1.47,0.1,16.86,8.83,-7.45,0.2,0.77,0.49,0.99,F7/8,0.01,-411.4,1.6,-398.5,5.1,1.1,1.53,,0.22,0.69
NGC_6981,313.36542,-12.53731,35.162,-32.683,16.66,0.18,12.53,0.16,68900.0,12400.0,9.32,0.05,1.35,0.25,2.07,4.14,5.96,49.82,2.3,1.59,-331.39,1.47,3.1,-1.274,0.026,-3.361,0.026,0.0,3.02,2.59,9.15,-0.38,0.09,11.4,-0.28,-0.1,,,,-3.29,0.13,8.08,0.09,-9.0,0.1,61.63,1.8,-145.54,1.91,171.21,1.91,0.59,0.03,22.13,0.42,-1.42,0.05,16.9,9.27,-7.04,0.14,0.72,0.45,0.94,F7,0.02,-345.0,3.7,-336.2,,,1.21,,0.46,0.93
NGC_7006,315.37263,16.18732,63.77,-19.407,39.32,0.56,36.67,0.53,136000.0,35100.0,10.69,0.05,1.58,0.41,1.59,4.31,6.99,156.71,2.79,1.68,-383.47,0.73,4.1,-0.128,0.027,-0.633,0.027,0.0,3.39,2.73,9.46,-0.71,0.13,15.9,-0.38,-0.08,,,,-8.21,0.23,33.27,0.47,-13.06,0.19,59.36,4.61,-135.71,2.75,85.11,4.84,2.31,0.4,50.72,0.82,-1.52,0.05,18.8,10.56,-7.67,0.06,0.75,,0.98,F6,0.01,-384.1,0.4,-371.3,,,1.41,,0.17,0.44
Laevens_3,316.72938,14.9844,63.593,-21.176,61.77,1.65,58.85,1.6,2120.0,0.0,16.1,0.0,1.8,0.0,2.69,7.08,9.46,37.93,0.38,-0.52,-70.3,0.82,0.4,0.172,0.101,-0.666,0.08,-0.02,1.21,0.68,8.86,0.11,0.67,1.7,-0.36,-0.11,,,,-17.44,0.68,51.59,1.38,-22.31,0.6,-67.26,24.55,87.09,12.89,-115.48,25.63,11.43,4.82,77.19,3.36,,,,,,,,,,,,,,,,,,,,
NGC_7078,322.49304,12.167,65.013,-27.313,10.71,0.1,10.76,0.07,633000.0,6550.0,6.28,0.08,1.58,0.1,0.04,2.03,4.3,140.75,7.12,2.99,-106.84,0.3,13.1,-0.659,0.024,-3.803,0.024,0.01,6.05,3.81,9.47,-1.33,0.01,51.3,-0.39,-0.09,3.29,0.51,100.0,4.16,0.04,8.62,0.08,-4.91,0.04,-106.46,1.13,53.94,0.75,-29.95,1.08,3.89,0.07,10.75,0.07,-2.37,0.1,15.83,6.2,-9.19,0.06,0.68,,0.85,F3/4,0.05,-107.0,0.2,-96.0,13.5,0.9,2.29,c,0.14,1.0
NGC_7089,323.36258,-0.82325,53.371,-35.77,11.69,0.11,10.54,0.08,620000.0,11000.0,6.48,0.05,1.75,0.07,0.77,3.04,4.77,111.48,4.31,2.83,-3.78,0.3,11.0,3.435,0.025,-2.159,0.024,0.01,4.58,3.72,9.44,-0.49,0.01,43.4,-0.39,-0.08,3.01,0.7,100.0,2.52,0.06,7.61,0.07,-6.83,0.07,73.33,1.21,147.44,1.05,-172.95,1.12,0.84,0.06,18.8,0.29,-1.65,0.06,16.05,6.47,-9.03,0.09,0.66,0.46,0.92,F4,0.11,-5.3,2.0,3.8,8.2,0.6,1.59,,0.32,1.06
NGC_7099,325.09213,-23.17986,27.179,-46.835,8.46,0.09,7.36,0.04,143000.0,5710.0,7.37,0.06,1.91,0.12,0.06,2.54,4.99,75.59,5.91,2.14,-185.19,0.17,5.6,-0.737,0.025,-7.299,0.024,0.01,5.08,3.04,9.28,-1.01,0.02,23.3,-0.4,-0.13,1.1,0.4,100.0,3.03,0.05,2.64,0.03,-6.17,0.06,1.72,0.79,-80.16,0.93,108.05,0.69,1.51,0.02,8.56,0.09,-2.27,0.03,15.1,7.19,-7.45,0.03,0.6,0.41,0.86,F3,0.01,-184.2,0.2,-179.6,5.5,0.4,2.5,c,0.06,1.03
Pal_12,326.6618,-21.25261,30.51,-47.682,18.49,0.3,15.28,0.26,6270.0,1210.0,11.99,0.05,1.27,0.25,3.86,6.88,10.52,39.71,0.47,-0.19,27.91,0.28,0.7,-3.22,0.029,-3.333,0.028,0.08,1.46,1.05,9.11,-0.07,0.49,2.5,-0.22,-0.09,,,,-2.55,0.17,6.32,0.1,-13.67,0.22,-327.57,2.08,16.94,2.31,108.99,1.73,15.11,0.27,51.04,3.65,-0.85,0.02,17.13,11.99,-4.47,0.34,1.07,,,,,27.8,1.5,32.5,,,2.98,,0.02,1.72
Pal_13,346.68519,12.77154,87.103,-42.7,23.48,0.4,24.57,0.36,3020.0,559.0,13.89,0.06,1.94,0.37,1.97,12.86,16.95,38.56,0.59,-1.1,25.3,0.22,0.4,1.748,0.049,0.104,0.047,-0.02,1.31,0.31,9.26,0.7,0.64,1.7,-0.31,-0.01,,,,7.31,0.01,17.23,0.29,-15.92,0.27,161.54,5.36,215.68,3.62,-79.08,3.93,6.85,0.4,57.92,1.92,-1.88,0.05,17.75,13.47,-3.76,-0.11,0.76,,,,,25.2,0.3,30.9,0.9,0.3,0.66,,0.48,0.36
NGC_7492,347.11117,-15.61147,53.386,-63.478,24.39,0.57,23.57,0.52,26600.0,7830.0,11.14,0.05,1.37,0.4,4.7,7.56,9.89,94.38,0.96,0.52,-176.7,0.27,1.5,0.756,0.028,-2.32,0.028,0.03,2.03,1.74,9.29,0.3,0.11,5.2,-0.18,-0.09,,,,1.68,0.15,8.74,0.21,-21.82,0.51,-3.36,3.11,-74.27,3.0,71.63,1.47,2.5,0.41,26.03,0.61,-1.78,0.0,17.63,11.29,-5.81,0.23,0.42,,,,0.24,-177.5,0.6,-176.2,1.2,1.0,0.72,,0.86,1.15
